"time","strata",".pred_hazard"
1,"clusterCC=1, clusterFC=1, clusterTC=1",0.0141018344079161
2,"clusterCC=1, clusterFC=1, clusterTC=1",0.0522333479156942
3,"clusterCC=1, clusterFC=1, clusterTC=1",0.0614815927104369
4,"clusterCC=1, clusterFC=1, clusterTC=1",0.0531734894378066
5,"clusterCC=1, clusterFC=1, clusterTC=1",0.0432854813582777
6,"clusterCC=1, clusterFC=1, clusterTC=1",0.0361928458482737
7,"clusterCC=1, clusterFC=1, clusterTC=1",0.0317753586307886
8,"clusterCC=1, clusterFC=1, clusterTC=1",0.0291157230361036
9,"clusterCC=1, clusterFC=1, clusterTC=1",0.0274767178247251
10,"clusterCC=1, clusterFC=1, clusterTC=1",0.0264002739206998
11,"clusterCC=1, clusterFC=1, clusterTC=1",0.0256269232590161
12,"clusterCC=1, clusterFC=1, clusterTC=1",0.0250155672923375
13,"clusterCC=1, clusterFC=1, clusterTC=1",0.0244910563333145
14,"clusterCC=1, clusterFC=1, clusterTC=1",0.0240139255325666
15,"clusterCC=1, clusterFC=1, clusterTC=1",0.0235637557583262
16,"clusterCC=1, clusterFC=1, clusterTC=1",0.0231302088185294
17,"clusterCC=1, clusterFC=1, clusterTC=1",0.0227082357605843
18,"clusterCC=1, clusterFC=1, clusterTC=1",0.0222955238844724
19,"clusterCC=1, clusterFC=1, clusterTC=1",0.0218911402958441
20,"clusterCC=1, clusterFC=1, clusterTC=1",0.0214948152462339
21,"clusterCC=1, clusterFC=1, clusterTC=1",0.0211065680079856
22,"clusterCC=1, clusterFC=1, clusterTC=1",0.0207271751952965
23,"clusterCC=1, clusterFC=1, clusterTC=1",0.0240754179966487
24,"clusterCC=1, clusterFC=1, clusterTC=1",0.159609627776012
25,"clusterCC=1, clusterFC=1, clusterTC=1",0.087927587296015
26,"clusterCC=1, clusterFC=1, clusterTC=1",0.02445224157896
27,"clusterCC=1, clusterFC=1, clusterTC=1",0.0236436975739918
28,"clusterCC=1, clusterFC=1, clusterTC=1",0.023341666528865
29,"clusterCC=1, clusterFC=1, clusterTC=1",0.0230472462436319
30,"clusterCC=1, clusterFC=1, clusterTC=1",0.022760199351228
31,"clusterCC=1, clusterFC=1, clusterTC=1",0.022480381233438
32,"clusterCC=1, clusterFC=1, clusterTC=1",0.0222076293886568
33,"clusterCC=1, clusterFC=1, clusterTC=1",0.0219417684566228
34,"clusterCC=1, clusterFC=1, clusterTC=1",0.0216826143500149
35,"clusterCC=1, clusterFC=1, clusterTC=1",0.0214299776030818
36,"clusterCC=1, clusterFC=1, clusterTC=1",0.0211836660535747
37,"clusterCC=1, clusterFC=1, clusterTC=1",0.0209434869671756
38,"clusterCC=1, clusterFC=1, clusterTC=1",0.0207092487015024
39,"clusterCC=1, clusterFC=1, clusterTC=1",0.0204807619932797
40,"clusterCC=1, clusterFC=1, clusterTC=1",0.0202578409391881
41,"clusterCC=1, clusterFC=1, clusterTC=1",0.020040303729088
42,"clusterCC=1, clusterFC=1, clusterTC=1",0.019827973180026
43,"clusterCC=1, clusterFC=1, clusterTC=1",0.0196206771106934
44,"clusterCC=1, clusterFC=1, clusterTC=1",0.0194182485886957
45,"clusterCC=1, clusterFC=1, clusterTC=1",0.0192205260769428
46,"clusterCC=1, clusterFC=1, clusterTC=1",0.0190273535004913
47,"clusterCC=1, clusterFC=1, clusterTC=1",0.0188385802511029
48,"clusterCC=1, clusterFC=1, clusterTC=1",0.018654061143462
49,"clusterCC=1, clusterFC=1, clusterTC=1",0.0184736563342979
50,"clusterCC=1, clusterFC=1, clusterTC=1",0.0182972312134586
51,"clusterCC=1, clusterFC=1, clusterTC=1",0.0181246562742075
52,"clusterCC=1, clusterFC=1, clusterTC=1",0.017955806968567
53,"clusterCC=1, clusterFC=1, clusterTC=1",0.0177905635523614
54,"clusterCC=1, clusterFC=1, clusterTC=1",0.0176288109236649
55,"clusterCC=1, clusterFC=1, clusterTC=1",0.0174704384575896
56,"clusterCC=1, clusterFC=1, clusterTC=1",0.0173153398397263
57,"clusterCC=1, clusterFC=1, clusterTC=1",0.0171634129000463
58,"clusterCC=1, clusterFC=1, clusterTC=1",0.017014559448667
59,"clusterCC=1, clusterFC=1, clusterTC=1",0.0168686851145512
60,"clusterCC=1, clusterFC=1, clusterTC=1",0.016725699187948
61,"clusterCC=1, clusterFC=1, clusterTC=1",0.0165855144671671
62,"clusterCC=1, clusterFC=1, clusterTC=1",0.0164480471101075
63,"clusterCC=1, clusterFC=1, clusterTC=1",0.0163132164908232
64,"clusterCC=1, clusterFC=1, clusterTC=1",0.0161809450613016
65,"clusterCC=1, clusterFC=1, clusterTC=1",0.016051158218538
66,"clusterCC=1, clusterFC=1, clusterTC=1",0.0159237841769272
67,"clusterCC=1, clusterFC=1, clusterTC=1",0.0157987538459359
68,"clusterCC=1, clusterFC=1, clusterTC=1",0.0156760007129774
69,"clusterCC=1, clusterFC=1, clusterTC=1",0.0155554607313828
70,"clusterCC=1, clusterFC=1, clusterTC=1",0.0154370722133345
71,"clusterCC=1, clusterFC=1, clusterTC=1",0.0153207757276134
72,"clusterCC=1, clusterFC=1, clusterTC=1",0.0152065140019994
73,"clusterCC=1, clusterFC=1, clusterTC=1",0.0150942318301544
74,"clusterCC=1, clusterFC=1, clusterTC=1",0.0149838759828158
75,"clusterCC=1, clusterFC=1, clusterTC=1",0.0148753951231245
76,"clusterCC=1, clusterFC=1, clusterTC=1",0.0147687397259126
77,"clusterCC=1, clusterFC=1, clusterTC=1",0.0146638620007759
78,"clusterCC=1, clusterFC=1, clusterTC=1",0.014560715818764
79,"clusterCC=1, clusterFC=1, clusterTC=1",0.0144592566425182
80,"clusterCC=1, clusterFC=1, clusterTC=1",0.0143594414596988
81,"clusterCC=1, clusterFC=1, clusterTC=1",0.0142612287195435
82,"clusterCC=1, clusterFC=1, clusterTC=1",0.0141645782724072
83,"clusterCC=1, clusterFC=1, clusterTC=1",0.0140694513121386
84,"clusterCC=1, clusterFC=1, clusterTC=1",0.0139758103211535
85,"clusterCC=1, clusterFC=1, clusterTC=1",0.013883619018073
86,"clusterCC=1, clusterFC=1, clusterTC=1",0.0137928423077993
87,"clusterCC=1, clusterFC=1, clusterTC=1",0.0137034462339075
88,"clusterCC=1, clusterFC=1, clusterTC=1",0.0136153979332374
89,"clusterCC=1, clusterFC=1, clusterTC=1",0.0135286655925771
90,"clusterCC=1, clusterFC=1, clusterTC=1",0.0134432184073319
91,"clusterCC=1, clusterFC=1, clusterTC=1",0.0133590265420796
92,"clusterCC=1, clusterFC=1, clusterTC=1",0.013276061092919
93,"clusterCC=1, clusterFC=1, clusterTC=1",0.0131942940515198
94,"clusterCC=1, clusterFC=1, clusterTC=1",0.0131136982707914
95,"clusterCC=1, clusterFC=1, clusterTC=1",0.0130342474320872
96,"clusterCC=1, clusterFC=1, clusterTC=1",0.012955916013871
97,"clusterCC=1, clusterFC=1, clusterTC=1",0.01287867926177
98,"clusterCC=1, clusterFC=1, clusterTC=1",0.0128025131599485
99,"clusterCC=1, clusterFC=1, clusterTC=1",0.0127273944037344
100,"clusterCC=1, clusterFC=1, clusterTC=1",0.01265330037344
101,"clusterCC=1, clusterFC=1, clusterTC=1",0.0125802091093159
102,"clusterCC=1, clusterFC=1, clusterTC=1",0.0125080992875837
103,"clusterCC=1, clusterFC=1, clusterTC=1",0.0124369501974962
104,"clusterCC=1, clusterFC=1, clusterTC=1",0.0123667417193731
105,"clusterCC=1, clusterFC=1, clusterTC=1",0.0122974543035673
106,"clusterCC=1, clusterFC=1, clusterTC=1",0.0122290689503156
107,"clusterCC=1, clusterFC=1, clusterTC=1",0.0121615671904328
108,"clusterCC=1, clusterFC=1, clusterTC=1",0.0120949310668082
109,"clusterCC=1, clusterFC=1, clusterTC=1",0.0120291431166666
110,"clusterCC=1, clusterFC=1, clusterTC=1",0.0119641863545587
111,"clusterCC=1, clusterFC=1, clusterTC=1",0.0119000442560454
112,"clusterCC=1, clusterFC=1, clusterTC=1",0.0118367007420451
113,"clusterCC=1, clusterFC=1, clusterTC=1",0.0117741401638114
114,"clusterCC=1, clusterFC=1, clusterTC=1",0.0117123472885142
115,"clusterCC=1, clusterFC=1, clusterTC=1",0.0116513072853953
116,"clusterCC=1, clusterFC=1, clusterTC=1",0.0115910057124716
117,"clusterCC=1, clusterFC=1, clusterTC=1",0.0115314285037634
118,"clusterCC=1, clusterFC=1, clusterTC=1",0.0114725619570208
119,"clusterCC=1, clusterFC=1, clusterTC=1",0.0114143927219292
120,"clusterCC=1, clusterFC=1, clusterTC=1",0.0113569077887698
121,"clusterCC=1, clusterFC=1, clusterTC=1",0.0113000944775161
122,"clusterCC=1, clusterFC=1, clusterTC=1",0.0112439404273476
123,"clusterCC=1, clusterFC=1, clusterTC=1",0.0111884335865606
124,"clusterCC=1, clusterFC=1, clusterTC=1",0.0111335622028608
125,"clusterCC=1, clusterFC=1, clusterTC=1",0.0110793148140195
126,"clusterCC=1, clusterFC=1, clusterTC=1",0.011025680238879
127,"clusterCC=1, clusterFC=1, clusterTC=1",0.0109726475686903
128,"clusterCC=1, clusterFC=1, clusterTC=1",0.0109202061587713
129,"clusterCC=1, clusterFC=1, clusterTC=1",0.0108683456204699
130,"clusterCC=1, clusterFC=1, clusterTC=1",0.0108170558134197
131,"clusterCC=1, clusterFC=1, clusterTC=1",0.010766326838077
132,"clusterCC=1, clusterFC=1, clusterTC=1",0.0107161490285248
133,"clusterCC=1, clusterFC=1, clusterTC=1",0.0106665129455361
134,"clusterCC=1, clusterFC=1, clusterTC=1",0.0106174093698829
135,"clusterCC=1, clusterFC=1, clusterTC=1",0.0105688292958816
136,"clusterCC=1, clusterFC=1, clusterTC=1",0.0105207639251666
137,"clusterCC=1, clusterFC=1, clusterTC=1",0.0104732046606802
138,"clusterCC=1, clusterFC=1, clusterTC=1",0.0104261431008723
139,"clusterCC=1, clusterFC=1, clusterTC=1",0.0103795710341001
140,"clusterCC=1, clusterFC=1, clusterTC=1",0.0103334804332205
141,"clusterCC=1, clusterFC=1, clusterTC=1",0.0102878634503675
142,"clusterCC=1, clusterFC=1, clusterTC=1",0.0102427124119061
143,"clusterCC=1, clusterFC=1, clusterTC=1",0.0101980198135577
144,"clusterCC=1, clusterFC=1, clusterTC=1",0.010153778315689
145,"clusterCC=1, clusterFC=1, clusterTC=1",0.0101099807387574
146,"clusterCC=1, clusterFC=1, clusterTC=1",0.0100666200589096
147,"clusterCC=1, clusterFC=1, clusterTC=1",0.0100236894037233
149,"clusterCC=1, clusterFC=1, clusterTC=1",0.00993909141023469
150,"clusterCC=1, clusterFC=1, clusterTC=1",0.00989741104785744
151,"clusterCC=1, clusterFC=1, clusterTC=1",0.00985613465440956
152,"clusterCC=1, clusterFC=1, clusterTC=1",0.00981525605548212
153,"clusterCC=1, clusterFC=1, clusterTC=1",0.00977476920531287
154,"clusterCC=1, clusterFC=1, clusterTC=1",0.00973466818340366
155,"clusterCC=1, clusterFC=1, clusterTC=1",0.00969494719124489
157,"clusterCC=1, clusterFC=1, clusterTC=1",0.00961662269314712
158,"clusterCC=1, clusterFC=1, clusterTC=1",0.0095780081720716
159,"clusterCC=1, clusterFC=1, clusterTC=1",0.00953975164461031
160,"clusterCC=1, clusterFC=1, clusterTC=1",0.00950184787654029
161,"clusterCC=1, clusterFC=1, clusterTC=1",0.00946429173801067
162,"clusterCC=1, clusterFC=1, clusterTC=1",0.00942707820091451
163,"clusterCC=1, clusterFC=1, clusterTC=1",0.00939020233633999
164,"clusterCC=1, clusterFC=1, clusterTC=1",0.00935365931209885
165,"clusterCC=1, clusterFC=1, clusterTC=1",0.00931744439032868
166,"clusterCC=1, clusterFC=1, clusterTC=1",0.00928155292516696
167,"clusterCC=1, clusterFC=1, clusterTC=1",0.00924598036049408
168,"clusterCC=1, clusterFC=1, clusterTC=1",0.00921072222774316
1,"clusterCC=1, clusterFC=1, clusterTC=2",0.0190272388399264
2,"clusterCC=1, clusterFC=1, clusterTC=2",0.0612733906376954
3,"clusterCC=1, clusterFC=1, clusterTC=2",0.0655100409263889
4,"clusterCC=1, clusterFC=1, clusterTC=2",0.053993810686226
5,"clusterCC=1, clusterFC=1, clusterTC=2",0.0434420218125843
6,"clusterCC=1, clusterFC=1, clusterTC=2",0.0366886638007708
7,"clusterCC=1, clusterFC=1, clusterTC=2",0.032759495435153
8,"clusterCC=1, clusterFC=1, clusterTC=2",0.0304703402589077
9,"clusterCC=1, clusterFC=1, clusterTC=2",0.0290534738233913
10,"clusterCC=1, clusterFC=1, clusterTC=2",0.0280843898897747
11,"clusterCC=1, clusterFC=1, clusterTC=2",0.0273423347013166
12,"clusterCC=1, clusterFC=1, clusterTC=2",0.0267156928147686
13,"clusterCC=1, clusterFC=1, clusterTC=2",0.0261489902538284
14,"clusterCC=1, clusterFC=1, clusterTC=2",0.0256151303424945
15,"clusterCC=1, clusterFC=1, clusterTC=2",0.0251012170990942
16,"clusterCC=1, clusterFC=1, clusterTC=2",0.0246013841620021
17,"clusterCC=1, clusterFC=1, clusterTC=2",0.0241131806958031
18,"clusterCC=1, clusterFC=1, clusterTC=2",0.0236357569518121
19,"clusterCC=1, clusterFC=1, clusterTC=2",0.0231689611594995
20,"clusterCC=1, clusterFC=1, clusterTC=2",0.022712898415507
21,"clusterCC=1, clusterFC=1, clusterTC=2",0.0222677233666371
22,"clusterCC=1, clusterFC=1, clusterTC=2",0.0218342640357434
23,"clusterCC=1, clusterFC=1, clusterTC=2",0.0253785100121974
24,"clusterCC=1, clusterFC=1, clusterTC=2",0.168041671123687
25,"clusterCC=1, clusterFC=1, clusterTC=2",0.0922056310956785
26,"clusterCC=1, clusterFC=1, clusterTC=2",0.0258933682343526
27,"clusterCC=1, clusterFC=1, clusterTC=2",0.0250307291096991
28,"clusterCC=1, clusterFC=1, clusterTC=2",0.0246924806245812
29,"clusterCC=1, clusterFC=1, clusterTC=2",0.0243636684747149
30,"clusterCC=1, clusterFC=1, clusterTC=2",0.0240439282601698
31,"clusterCC=1, clusterFC=1, clusterTC=2",0.0237329994595473
32,"clusterCC=1, clusterFC=1, clusterTC=2",0.0234306122777243
33,"clusterCC=1, clusterFC=1, clusterTC=2",0.0231364923519996
34,"clusterCC=1, clusterFC=1, clusterTC=2",0.0228503644112413
35,"clusterCC=1, clusterFC=1, clusterTC=2",0.0225719550814019
36,"clusterCC=1, clusterFC=1, clusterTC=2",0.0223009950039261
37,"clusterCC=1, clusterFC=1, clusterTC=2",0.0220372204058188
38,"clusterCC=1, clusterFC=1, clusterTC=2",0.0217803742350845
39,"clusterCC=1, clusterFC=1, clusterTC=2",0.0215302069536895
40,"clusterCC=1, clusterFC=1, clusterTC=2",0.0212864770621735
41,"clusterCC=1, clusterFC=1, clusterTC=2",0.0210489514152199
42,"clusterCC=1, clusterFC=1, clusterTC=2",0.0208174053754613
43,"clusterCC=1, clusterFC=1, clusterTC=2",0.0205916228430928
44,"clusterCC=1, clusterFC=1, clusterTC=2",0.0203713961910829
45,"clusterCC=1, clusterFC=1, clusterTC=2",0.020156526129548
46,"clusterCC=1, clusterFC=1, clusterTC=2",0.0199468215178909
47,"clusterCC=1, clusterFC=1, clusterTC=2",0.0197420991393494
48,"clusterCC=1, clusterFC=1, clusterTC=2",0.0195421834494495
49,"clusterCC=1, clusterFC=1, clusterTC=2",0.0193469063073548
50,"clusterCC=1, clusterFC=1, clusterTC=2",0.0191561066971128
51,"clusterCC=1, clusterFC=1, clusterTC=2",0.0189696304442142
52,"clusterCC=1, clusterFC=1, clusterTC=2",0.0187873299316259
53,"clusterCC=1, clusterFC=1, clusterTC=2",0.0186090638184621
54,"clusterCC=1, clusterFC=1, clusterTC=2",0.0184346967636652
55,"clusterCC=1, clusterFC=1, clusterTC=2",0.0182640991564459
56,"clusterCC=1, clusterFC=1, clusterTC=2",0.0180971468547356
57,"clusterCC=1, clusterFC=1, clusterTC=2",0.0179337209325168
58,"clusterCC=1, clusterFC=1, clusterTC=2",0.0177737074365925
59,"clusterCC=1, clusterFC=1, clusterTC=2",0.0176169971531177
60,"clusterCC=1, clusterFC=1, clusterTC=2",0.0174634853840295
61,"clusterCC=1, clusterFC=1, clusterTC=2",0.017313071733373
62,"clusterCC=1, clusterFC=1, clusterTC=2",0.0171656599034116
63,"clusterCC=1, clusterFC=1, clusterTC=2",0.0170211575003264
64,"clusterCC=1, clusterFC=1, clusterTC=2",0.0168794758492542
65,"clusterCC=1, clusterFC=1, clusterTC=2",0.0167405298183668
66,"clusterCC=1, clusterFC=1, clusterTC=2",0.0166042376516687
67,"clusterCC=1, clusterFC=1, clusterTC=2",0.0164705208101684
68,"clusterCC=1, clusterFC=1, clusterTC=2",0.0163393038210703
69,"clusterCC=1, clusterFC=1, clusterTC=2",0.0162105141346307
70,"clusterCC=1, clusterFC=1, clusterTC=2",0.016084081988319
71,"clusterCC=1, clusterFC=1, clusterTC=2",0.015959940277935
72,"clusterCC=1, clusterFC=1, clusterTC=2",0.0158380244353363
73,"clusterCC=1, clusterFC=1, clusterTC=2",0.0157182723124426
74,"clusterCC=1, clusterFC=1, clusterTC=2",0.0156006240711928
75,"clusterCC=1, clusterFC=1, clusterTC=2",0.0154850220791445
76,"clusterCC=1, clusterFC=1, clusterTC=2",0.0153714108104177
77,"clusterCC=1, clusterFC=1, clusterTC=2",0.0152597367516967
78,"clusterCC=1, clusterFC=1, clusterTC=2",0.0151499483130196
79,"clusterCC=1, clusterFC=1, clusterTC=2",0.015041995743096
80,"clusterCC=1, clusterFC=1, clusterTC=2",0.0149358310489067
81,"clusterCC=1, clusterFC=1, clusterTC=2",0.0148314079193538
82,"clusterCC=1, clusterFC=1, clusterTC=2",0.0147286816527387
83,"clusterCC=1, clusterFC=1, clusterTC=2",0.0146276090878603
84,"clusterCC=1, clusterFC=1, clusterTC=2",0.0145281485385352
85,"clusterCC=1, clusterFC=1, clusterTC=2",0.0144302597313536
86,"clusterCC=1, clusterFC=1, clusterTC=2",0.0143339037464942
87,"clusterCC=1, clusterFC=1, clusterTC=2",0.0142390429614323
88,"clusterCC=1, clusterFC=1, clusterTC=2",0.0141456409973834
89,"clusterCC=1, clusterFC=1, clusterTC=2",0.0140536626683351
90,"clusterCC=1, clusterFC=1, clusterTC=2",0.013963073932527
91,"clusterCC=1, clusterFC=1, clusterTC=2",0.0138738418462472
92,"clusterCC=1, clusterFC=1, clusterTC=2",0.0137859345198216
93,"clusterCC=1, clusterFC=1, clusterTC=2",0.013699321075678
94,"clusterCC=1, clusterFC=1, clusterTC=2",0.0136139716083768
95,"clusterCC=1, clusterFC=1, clusterTC=2",0.0135298571465012
96,"clusterCC=1, clusterFC=1, clusterTC=2",0.0134469496163129
97,"clusterCC=1, clusterFC=1, clusterTC=2",0.0133652218070764
98,"clusterCC=1, clusterFC=1, clusterTC=2",0.013284647337969
99,"clusterCC=1, clusterFC=1, clusterTC=2",0.0132052006264912
100,"clusterCC=1, clusterFC=1, clusterTC=2",0.0131268568583018
101,"clusterCC=1, clusterFC=1, clusterTC=2",0.013049591958404
102,"clusterCC=1, clusterFC=1, clusterTC=2",0.0129733825636133
103,"clusterCC=1, clusterFC=1, clusterTC=2",0.0128982059962422
104,"clusterCC=1, clusterFC=1, clusterTC=2",0.0128240402389412
105,"clusterCC=1, clusterFC=1, clusterTC=2",0.012750863910636
106,"clusterCC=1, clusterFC=1, clusterTC=2",0.0126786562435085
107,"clusterCC=1, clusterFC=1, clusterTC=2",0.012607397060968
108,"clusterCC=1, clusterFC=1, clusterTC=2",0.0125370667565646
109,"clusterCC=1, clusterFC=1, clusterTC=2",0.0124676462737988
110,"clusterCC=1, clusterFC=1, clusterTC=2",0.012399117086782
111,"clusterCC=1, clusterFC=1, clusterTC=2",0.0123314611817093
112,"clusterCC=1, clusterFC=1, clusterTC=2",0.0122646610391023
113,"clusterCC=1, clusterFC=1, clusterTC=2",0.0121986996167885
114,"clusterCC=1, clusterFC=1, clusterTC=2",0.0121335603335782
115,"clusterCC=1, clusterFC=1, clusterTC=2",0.0120692270536101
116,"clusterCC=1, clusterFC=1, clusterTC=2",0.01200568407133
117,"clusterCC=1, clusterFC=1, clusterTC=2",0.0119429160970771
118,"clusterCC=1, clusterFC=1, clusterTC=2",0.0118809082432454
119,"clusterCC=1, clusterFC=1, clusterTC=2",0.0118196460109977
120,"clusterCC=1, clusterFC=1, clusterTC=2",0.0117591152775032
121,"clusterCC=1, clusterFC=1, clusterTC=2",0.0116993022836777
122,"clusterCC=1, clusterFC=1, clusterTC=2",0.0116401936224017
123,"clusterCC=1, clusterFC=1, clusterTC=2",0.0115817762271953
124,"clusterCC=1, clusterFC=1, clusterTC=2",0.0115240373613299
125,"clusterCC=1, clusterFC=1, clusterTC=2",0.011466964607357
126,"clusterCC=1, clusterFC=1, clusterTC=2",0.0114105458570347
127,"clusterCC=1, clusterFC=1, clusterTC=2",0.011354769301636
128,"clusterCC=1, clusterFC=1, clusterTC=2",0.0112996234226211
129,"clusterCC=1, clusterFC=1, clusterTC=2",0.0112450969826574
130,"clusterCC=1, clusterFC=1, clusterTC=2",0.0111911790169738
131,"clusterCC=1, clusterFC=1, clusterTC=2",0.0111378588250333
132,"clusterCC=1, clusterFC=1, clusterTC=2",0.0110851259625109
133,"clusterCC=1, clusterFC=1, clusterTC=2",0.0110329702335642
135,"clusterCC=1, clusterFC=1, clusterTC=2",0.0109303505910106
136,"clusterCC=1, clusterFC=1, clusterTC=2",0.0108798674624134
137,"clusterCC=1, clusterFC=1, clusterTC=2",0.0108299230238088
138,"clusterCC=1, clusterFC=1, clusterTC=2",0.0107805082152197
139,"clusterCC=1, clusterFC=1, clusterTC=2",0.0107316141842592
140,"clusterCC=1, clusterFC=1, clusterTC=2",0.0106832322801327
144,"clusterCC=1, clusterFC=1, clusterTC=2",0.0104946596530624
146,"clusterCC=1, clusterFC=1, clusterTC=2",0.0104032350568371
149,"clusterCC=1, clusterFC=1, clusterTC=2",0.0102695061350171
152,"clusterCC=1, clusterFC=1, clusterTC=2",0.0101396978289979
158,"clusterCC=1, clusterFC=1, clusterTC=2",0.00989113749102121
159,"clusterCC=1, clusterFC=1, clusterTC=2",0.00985107282987672
165,"clusterCC=1, clusterFC=1, clusterTC=2",0.00961834613516858
167,"clusterCC=1, clusterFC=1, clusterTC=2",0.00954356424672136
1,"clusterCC=1, clusterFC=2, clusterTC=1",0.0025072329471493
2,"clusterCC=1, clusterFC=2, clusterTC=1",0.00866168996694826
3,"clusterCC=1, clusterFC=2, clusterTC=1",0.0187400068774434
4,"clusterCC=1, clusterFC=2, clusterTC=1",0.0278047641657941
5,"clusterCC=1, clusterFC=2, clusterTC=1",0.0329489078969084
6,"clusterCC=1, clusterFC=2, clusterTC=1",0.034450562356931
7,"clusterCC=1, clusterFC=2, clusterTC=1",0.0336123018574032
8,"clusterCC=1, clusterFC=2, clusterTC=1",0.0316139494770308
9,"clusterCC=1, clusterFC=2, clusterTC=1",0.0292362688866242
10,"clusterCC=1, clusterFC=2, clusterTC=1",0.0269102389467665
11,"clusterCC=1, clusterFC=2, clusterTC=1",0.024833029141325
12,"clusterCC=1, clusterFC=2, clusterTC=1",0.0230667530949917
13,"clusterCC=1, clusterFC=2, clusterTC=1",0.0216865839478992
14,"clusterCC=1, clusterFC=2, clusterTC=1",0.216027804935
15,"clusterCC=1, clusterFC=2, clusterTC=1",0.0234715860803838
16,"clusterCC=1, clusterFC=2, clusterTC=1",0.021589471137931
17,"clusterCC=1, clusterFC=2, clusterTC=1",0.0208949958734564
18,"clusterCC=1, clusterFC=2, clusterTC=1",0.0203227713656904
19,"clusterCC=1, clusterFC=2, clusterTC=1",0.0198449444997874
20,"clusterCC=1, clusterFC=2, clusterTC=1",0.0194396975731752
21,"clusterCC=1, clusterFC=2, clusterTC=1",0.0190901863022008
22,"clusterCC=1, clusterFC=2, clusterTC=1",0.0187835287493083
23,"clusterCC=1, clusterFC=2, clusterTC=1",0.0185099332111242
24,"clusterCC=1, clusterFC=2, clusterTC=1",0.0182619848306638
25,"clusterCC=1, clusterFC=2, clusterTC=1",0.0180340802551044
26,"clusterCC=1, clusterFC=2, clusterTC=1",0.0178219885119078
27,"clusterCC=1, clusterFC=2, clusterTC=1",0.0176225143489631
28,"clusterCC=1, clusterFC=2, clusterTC=1",0.0174332423355222
29,"clusterCC=1, clusterFC=2, clusterTC=1",0.0172523434352321
30,"clusterCC=1, clusterFC=2, clusterTC=1",0.0170784293170148
31,"clusterCC=1, clusterFC=2, clusterTC=1",0.016910442853404
32,"clusterCC=1, clusterFC=2, clusterTC=1",0.0167475759086715
33,"clusterCC=1, clusterFC=2, clusterTC=1",0.0165892076404
34,"clusterCC=1, clusterFC=2, clusterTC=1",0.0164348581922313
35,"clusterCC=1, clusterFC=2, clusterTC=1",0.0162841539244574
36,"clusterCC=1, clusterFC=2, clusterTC=1",0.0161368012922826
37,"clusterCC=1, clusterFC=2, clusterTC=1",0.0159925672075442
38,"clusterCC=1, clusterFC=2, clusterTC=1",0.0158512642644159
39,"clusterCC=1, clusterFC=2, clusterTC=1",0.015712739617241
40,"clusterCC=1, clusterFC=2, clusterTC=1",0.0155768666032296
41,"clusterCC=1, clusterFC=2, clusterTC=1",0.015443538430222
42,"clusterCC=1, clusterFC=2, clusterTC=1",0.0153126634196093
43,"clusterCC=1, clusterFC=2, clusterTC=1",0.0151841614214778
44,"clusterCC=1, clusterFC=2, clusterTC=1",0.0150579611140211
45,"clusterCC=1, clusterFC=2, clusterTC=1",0.0149339979704086
46,"clusterCC=1, clusterFC=2, clusterTC=1",0.0148122127296505
47,"clusterCC=1, clusterFC=2, clusterTC=1",0.0146925502480803
48,"clusterCC=1, clusterFC=2, clusterTC=1",0.0145749586382213
49,"clusterCC=1, clusterFC=2, clusterTC=1",0.0144593886245216
50,"clusterCC=1, clusterFC=2, clusterTC=1",0.0143457930625792
51,"clusterCC=1, clusterFC=2, clusterTC=1",0.0142341265814338
52,"clusterCC=1, clusterFC=2, clusterTC=1",0.0141243453183013
53,"clusterCC=1, clusterFC=2, clusterTC=1",0.0140164067225528
54,"clusterCC=1, clusterFC=2, clusterTC=1",0.0139102694113702
55,"clusterCC=1, clusterFC=2, clusterTC=1",0.0138058930637878
56,"clusterCC=1, clusterFC=2, clusterTC=1",0.0137032383430749
57,"clusterCC=1, clusterFC=2, clusterTC=1",0.013602266839885
58,"clusterCC=1, clusterFC=2, clusterTC=1",0.0135029410304703
59,"clusterCC=1, clusterFC=2, clusterTC=1",0.0134052242456902
60,"clusterCC=1, clusterFC=2, clusterTC=1",0.0133090806476223
61,"clusterCC=1, clusterFC=2, clusterTC=1",0.0132144752114108
62,"clusterCC=1, clusterFC=2, clusterTC=1",0.0131213737106059
63,"clusterCC=1, clusterFC=2, clusterTC=1",0.0130297427047234
64,"clusterCC=1, clusterFC=2, clusterTC=1",0.0129395495281084
65,"clusterCC=1, clusterFC=2, clusterTC=1",0.012850762279452
66,"clusterCC=1, clusterFC=2, clusterTC=1",0.0127633498115136
67,"clusterCC=1, clusterFC=2, clusterTC=1",0.0126772817207482
68,"clusterCC=1, clusterFC=2, clusterTC=1",0.0125925283366489
69,"clusterCC=1, clusterFC=2, clusterTC=1",0.0125090607106932
70,"clusterCC=1, clusterFC=2, clusterTC=1",0.0124268506048435
71,"clusterCC=1, clusterFC=2, clusterTC=1",0.0123458704795879
72,"clusterCC=1, clusterFC=2, clusterTC=1",0.0122660934815415
73,"clusterCC=1, clusterFC=2, clusterTC=1",0.0121874934306415
74,"clusterCC=1, clusterFC=2, clusterTC=1",0.012110044806987
75,"clusterCC=1, clusterFC=2, clusterTC=1",0.0120337227373749
76,"clusterCC=1, clusterFC=2, clusterTC=1",0.0119585029815928
77,"clusterCC=1, clusterFC=2, clusterTC=1",0.0118843619185237
78,"clusterCC=1, clusterFC=2, clusterTC=1",0.011811276532121
79,"clusterCC=1, clusterFC=2, clusterTC=1",0.0117392243973065
80,"clusterCC=1, clusterFC=2, clusterTC=1",0.0116681836658404
81,"clusterCC=1, clusterFC=2, clusterTC=1",0.011598133052211
82,"clusterCC=1, clusterFC=2, clusterTC=1",0.0115290518195838
83,"clusterCC=1, clusterFC=2, clusterTC=1",0.0114609197658485
84,"clusterCC=1, clusterFC=2, clusterTC=1",0.011393717209796
85,"clusterCC=1, clusterFC=2, clusterTC=1",0.0113274249774559
86,"clusterCC=1, clusterFC=2, clusterTC=1",0.011262024388617
87,"clusterCC=1, clusterFC=2, clusterTC=1",0.0111974972435558
88,"clusterCC=1, clusterFC=2, clusterTC=1",0.0111338258099883
89,"clusterCC=1, clusterFC=2, clusterTC=1",0.0110709928102621
90,"clusterCC=1, clusterFC=2, clusterTC=1",0.011008981408801
91,"clusterCC=1, clusterFC=2, clusterTC=1",0.0109477751998115
92,"clusterCC=1, clusterFC=2, clusterTC=1",0.0108873581952605
93,"clusterCC=1, clusterFC=2, clusterTC=1",0.0108277148131278
94,"clusterCC=1, clusterFC=2, clusterTC=1",0.0107688298659401
95,"clusterCC=1, clusterFC=2, clusterTC=1",0.0107106885495871
96,"clusterCC=1, clusterFC=2, clusterTC=1",0.010653276432421
97,"clusterCC=1, clusterFC=2, clusterTC=1",0.0105965794446414
98,"clusterCC=1, clusterFC=2, clusterTC=1",0.0105405838679605
99,"clusterCC=1, clusterFC=2, clusterTC=1",0.0104852763255519
100,"clusterCC=1, clusterFC=2, clusterTC=1",0.0104306437722746
101,"clusterCC=1, clusterFC=2, clusterTC=1",0.0103766734851736
102,"clusterCC=1, clusterFC=2, clusterTC=1",0.0103233530542498
103,"clusterCC=1, clusterFC=2, clusterTC=1",0.0102706703734967
105,"clusterCC=1, clusterFC=2, clusterTC=1",0.0101671713064775
107,"clusterCC=1, clusterFC=2, clusterTC=1",0.0100660851915698
108,"clusterCC=1, clusterFC=2, clusterTC=1",0.0100164197163063
110,"clusterCC=1, clusterFC=2, clusterTC=1",0.00991879164271085
113,"clusterCC=1, clusterFC=2, clusterTC=1",0.00977645718556222
115,"clusterCC=1, clusterFC=2, clusterTC=1",0.00968419505410862
117,"clusterCC=1, clusterFC=2, clusterTC=1",0.00959395075862572
118,"clusterCC=1, clusterFC=2, clusterTC=1",0.00954956378283122
121,"clusterCC=1, clusterFC=2, clusterTC=1",0.00941924490540716
122,"clusterCC=1, clusterFC=2, clusterTC=1",0.00937672630294474
123,"clusterCC=1, clusterFC=2, clusterTC=1",0.00933465548856091
131,"clusterCC=1, clusterFC=2, clusterTC=1",0.00901335681029464
142,"clusterCC=1, clusterFC=2, clusterTC=1",0.00861146569313579
146,"clusterCC=1, clusterFC=2, clusterTC=1",0.00847548944668011
163,"clusterCC=1, clusterFC=2, clusterTC=1",0.00794937340984845
1,"clusterCC=2, clusterFC=1, clusterTC=1",0.000316368717092782
2,"clusterCC=2, clusterFC=1, clusterTC=1",0.00594298194110332
3,"clusterCC=2, clusterFC=1, clusterTC=1",0.0166090568323645
4,"clusterCC=2, clusterFC=1, clusterTC=1",0.0238651945137349
5,"clusterCC=2, clusterFC=1, clusterTC=1",0.025685166960006
6,"clusterCC=2, clusterFC=1, clusterTC=1",0.0239287325154244
7,"clusterCC=2, clusterFC=1, clusterTC=1",0.0206722553133936
8,"clusterCC=2, clusterFC=1, clusterTC=1",0.0172144209638215
9,"clusterCC=2, clusterFC=1, clusterTC=1",0.0141618383062429
10,"clusterCC=2, clusterFC=1, clusterTC=1",0.011704979374566
11,"clusterCC=2, clusterFC=1, clusterTC=1",0.00983195909232796
12,"clusterCC=2, clusterFC=1, clusterTC=1",0.00845317731108861
13,"clusterCC=2, clusterFC=1, clusterTC=1",0.00746297382227545
14,"clusterCC=2, clusterFC=1, clusterTC=1",0.00676548411912951
15,"clusterCC=2, clusterFC=1, clusterTC=1",0.00628266657893693
16,"clusterCC=2, clusterFC=1, clusterTC=1",0.00595449278856692
17,"clusterCC=2, clusterFC=1, clusterTC=1",0.00573628512090023
18,"clusterCC=2, clusterFC=1, clusterTC=1",0.00559545459181622
19,"clusterCC=2, clusterFC=1, clusterTC=1",0.00550853107986151
20,"clusterCC=2, clusterFC=1, clusterTC=1",0.0054587517349437
21,"clusterCC=2, clusterFC=1, clusterTC=1",0.00543421241635545
22,"clusterCC=2, clusterFC=1, clusterTC=1",0.00542711015343057
23,"clusterCC=2, clusterFC=1, clusterTC=1",0.00834809703899855
24,"clusterCC=2, clusterFC=1, clusterTC=1",0.0970860651112326
25,"clusterCC=2, clusterFC=1, clusterTC=1",0.0405671147245969
26,"clusterCC=2, clusterFC=1, clusterTC=1",0.00646268304286339
27,"clusterCC=2, clusterFC=1, clusterTC=1",0.00625468252273205
28,"clusterCC=2, clusterFC=1, clusterTC=1",0.0062772397060498
29,"clusterCC=2, clusterFC=1, clusterTC=1",0.00629868408221433
30,"clusterCC=2, clusterFC=1, clusterTC=1",0.00631852396238654
31,"clusterCC=2, clusterFC=1, clusterTC=1",0.00633649287764114
32,"clusterCC=2, clusterFC=1, clusterTC=1",0.00635244905912677
33,"clusterCC=2, clusterFC=1, clusterTC=1",0.00636633731555866
34,"clusterCC=2, clusterFC=1, clusterTC=1",0.00637816181770951
35,"clusterCC=2, clusterFC=1, clusterTC=1",0.00638796667996264
36,"clusterCC=2, clusterFC=1, clusterTC=1",0.0063958221267592
37,"clusterCC=2, clusterFC=1, clusterTC=1",0.00640181466637138
38,"clusterCC=2, clusterFC=1, clusterTC=1",0.00640604014413365
39,"clusterCC=2, clusterFC=1, clusterTC=1",0.00640859886670825
40,"clusterCC=2, clusterFC=1, clusterTC=1",0.00640959221648667
41,"clusterCC=2, clusterFC=1, clusterTC=1",0.00640912033774208
42,"clusterCC=2, clusterFC=1, clusterTC=1",0.00640728059256037
43,"clusterCC=2, clusterFC=1, clusterTC=1",0.00640416656820761
44,"clusterCC=2, clusterFC=1, clusterTC=1",0.00639986747783815
45,"clusterCC=2, clusterFC=1, clusterTC=1",0.0063944678399667
46,"clusterCC=2, clusterFC=1, clusterTC=1",0.0063880473536396
47,"clusterCC=2, clusterFC=1, clusterTC=1",0.006380680909113
48,"clusterCC=2, clusterFC=1, clusterTC=1",0.00637243869047698
49,"clusterCC=2, clusterFC=1, clusterTC=1",0.0063633863387807
50,"clusterCC=2, clusterFC=1, clusterTC=1",0.00635358515304864
51,"clusterCC=2, clusterFC=1, clusterTC=1",0.00634309231302759
52,"clusterCC=2, clusterFC=1, clusterTC=1",0.00633196111221112
53,"clusterCC=2, clusterFC=1, clusterTC=1",0.00632024119312345
54,"clusterCC=2, clusterFC=1, clusterTC=1",0.00630797877934685
55,"clusterCC=2, clusterFC=1, clusterTC=1",0.00629521690059623
56,"clusterCC=2, clusterFC=1, clusterTC=1",0.00628199560846114
57,"clusterCC=2, clusterFC=1, clusterTC=1",0.00626835218138454
58,"clusterCC=2, clusterFC=1, clusterTC=1",0.00625432131812502
59,"clusterCC=2, clusterFC=1, clusterTC=1",0.00623993531942853
60,"clusterCC=2, clusterFC=1, clusterTC=1",0.00622522425796864
61,"clusterCC=2, clusterFC=1, clusterTC=1",0.00621021613684143
62,"clusterCC=2, clusterFC=1, clusterTC=1",0.00619493703704994
63,"clusterCC=2, clusterFC=1, clusterTC=1",0.00617941125450602
64,"clusterCC=2, clusterFC=1, clusterTC=1",0.00616366142712983
65,"clusterCC=2, clusterFC=1, clusterTC=1",0.00614770865265039
66,"clusterCC=2, clusterFC=1, clusterTC=1",0.00613157259771417
67,"clusterCC=2, clusterFC=1, clusterTC=1",0.00611527159889725
68,"clusterCC=2, clusterFC=1, clusterTC=1",0.00609882275619728
69,"clusterCC=2, clusterFC=1, clusterTC=1",0.00608224201955438
70,"clusterCC=2, clusterFC=1, clusterTC=1",0.00606554426892129
71,"clusterCC=2, clusterFC=1, clusterTC=1",0.0060487433883711
72,"clusterCC=2, clusterFC=1, clusterTC=1",0.00603185233469902
73,"clusterCC=2, clusterFC=1, clusterTC=1",0.00601488320094335
74,"clusterCC=2, clusterFC=1, clusterTC=1",0.00599784727521942
75,"clusterCC=2, clusterFC=1, clusterTC=1",0.00598075509523147
76,"clusterCC=2, clusterFC=1, clusterTC=1",0.00596361649879926
77,"clusterCC=2, clusterFC=1, clusterTC=1",0.00594644067070983
78,"clusterCC=2, clusterFC=1, clusterTC=1",0.00592923618618055
79,"clusterCC=2, clusterFC=1, clusterTC=1",0.0059120110511968
80,"clusterCC=2, clusterFC=1, clusterTC=1",0.00589477273996598
81,"clusterCC=2, clusterFC=1, clusterTC=1",0.00587752822971093
82,"clusterCC=2, clusterFC=1, clusterTC=1",0.00586028403300669
83,"clusterCC=2, clusterFC=1, clusterTC=1",0.00584304622784897
84,"clusterCC=2, clusterFC=1, clusterTC=1",0.00582582048562672
85,"clusterCC=2, clusterFC=1, clusterTC=1",0.00580861209715766
86,"clusterCC=2, clusterFC=1, clusterTC=1",0.00579142599693251
87,"clusterCC=2, clusterFC=1, clusterTC=1",0.00577426678570209
88,"clusterCC=2, clusterFC=1, clusterTC=1",0.0057571387515305
89,"clusterCC=2, clusterFC=1, clusterTC=1",0.00574004588942794
90,"clusterCC=2, clusterFC=1, clusterTC=1",0.00572299191966745
91,"clusterCC=2, clusterFC=1, clusterTC=1",0.00570598030488156
92,"clusterCC=2, clusterFC=1, clusterTC=1",0.00568901426602775
93,"clusterCC=2, clusterFC=1, clusterTC=1",0.0056720967973037
94,"clusterCC=2, clusterFC=1, clusterTC=1",0.00565523068008805
95,"clusterCC=2, clusterFC=1, clusterTC=1",0.00563841849597561
96,"clusterCC=2, clusterFC=1, clusterTC=1",0.00562166263897123
97,"clusterCC=2, clusterFC=1, clusterTC=1",0.00560496532690127
98,"clusterCC=2, clusterFC=1, clusterTC=1",0.00558832861209734
99,"clusterCC=2, clusterFC=1, clusterTC=1",0.00557175439140257
100,"clusterCC=2, clusterFC=1, clusterTC=1",0.00555524441554726
101,"clusterCC=2, clusterFC=1, clusterTC=1",0.00553880029793677
102,"clusterCC=2, clusterFC=1, clusterTC=1",0.00552242352289178
103,"clusterCC=2, clusterFC=1, clusterTC=1",0.00550611545337787
104,"clusterCC=2, clusterFC=1, clusterTC=1",0.0054898773382585
105,"clusterCC=2, clusterFC=1, clusterTC=1",0.00547371031910337
106,"clusterCC=2, clusterFC=1, clusterTC=1",0.0054576154365814
107,"clusterCC=2, clusterFC=1, clusterTC=1",0.00544159363646587
108,"clusterCC=2, clusterFC=1, clusterTC=1",0.00542564577527689
109,"clusterCC=2, clusterFC=1, clusterTC=1",0.00540977262558496
110,"clusterCC=2, clusterFC=1, clusterTC=1",0.00539397488099729
111,"clusterCC=2, clusterFC=1, clusterTC=1",0.0053782531608475
112,"clusterCC=2, clusterFC=1, clusterTC=1",0.00536260801460745
113,"clusterCC=2, clusterFC=1, clusterTC=1",0.00534703992603888
114,"clusterCC=2, clusterFC=1, clusterTC=1",0.0053315493171014
115,"clusterCC=2, clusterFC=1, clusterTC=1",0.00531613655163185
116,"clusterCC=2, clusterFC=1, clusterTC=1",0.00530080193880961
117,"clusterCC=2, clusterFC=1, clusterTC=1",0.00528554573642082
118,"clusterCC=2, clusterFC=1, clusterTC=1",0.00527036815393416
119,"clusterCC=2, clusterFC=1, clusterTC=1",0.0052552693553997
120,"clusterCC=2, clusterFC=1, clusterTC=1",0.00524024946218141
121,"clusterCC=2, clusterFC=1, clusterTC=1",0.00522530855553374
122,"clusterCC=2, clusterFC=1, clusterTC=1",0.00521044667903143
123,"clusterCC=2, clusterFC=1, clusterTC=1",0.00519566384086152
124,"clusterCC=2, clusterFC=1, clusterTC=1",0.0051809600159857
125,"clusterCC=2, clusterFC=1, clusterTC=1",0.00516633514818073
126,"clusterCC=2, clusterFC=1, clusterTC=1",0.0051517891519642
127,"clusterCC=2, clusterFC=1, clusterTC=1",0.00513732191441233
128,"clusterCC=2, clusterFC=1, clusterTC=1",0.00512293329687603
129,"clusterCC=2, clusterFC=1, clusterTC=1",0.00510862313660142
130,"clusterCC=2, clusterFC=1, clusterTC=1",0.00509439124826004
131,"clusterCC=2, clusterFC=1, clusterTC=1",0.00508023742539428
132,"clusterCC=2, clusterFC=1, clusterTC=1",0.00506616144178255
133,"clusterCC=2, clusterFC=1, clusterTC=1",0.00505216305272915
134,"clusterCC=2, clusterFC=1, clusterTC=1",0.00503824199628285
135,"clusterCC=2, clusterFC=1, clusterTC=1",0.00502439799438839
136,"clusterCC=2, clusterFC=1, clusterTC=1",0.00501063075397461
137,"clusterCC=2, clusterFC=1, clusterTC=1",0.00499693996798279
138,"clusterCC=2, clusterFC=1, clusterTC=1",0.00498332531633861
139,"clusterCC=2, clusterFC=1, clusterTC=1",0.00496978646687077
140,"clusterCC=2, clusterFC=1, clusterTC=1",0.00495632307617936
141,"clusterCC=2, clusterFC=1, clusterTC=1",0.00494293479045665
142,"clusterCC=2, clusterFC=1, clusterTC=1",0.00492962124626296
143,"clusterCC=2, clusterFC=1, clusterTC=1",0.00491638207126018
144,"clusterCC=2, clusterFC=1, clusterTC=1",0.00490321688490513
145,"clusterCC=2, clusterFC=1, clusterTC=1",0.00489012529910489
146,"clusterCC=2, clusterFC=1, clusterTC=1",0.00487710691883655
147,"clusterCC=2, clusterFC=1, clusterTC=1",0.00486416134273271
148,"clusterCC=2, clusterFC=1, clusterTC=1",0.00485128816363515
149,"clusterCC=2, clusterFC=1, clusterTC=1",0.00483848696911808
150,"clusterCC=2, clusterFC=1, clusterTC=1",0.00482575734198259
151,"clusterCC=2, clusterFC=1, clusterTC=1",0.00481309886072402
152,"clusterCC=2, clusterFC=1, clusterTC=1",0.00480051109997357
153,"clusterCC=2, clusterFC=1, clusterTC=1",0.0047879936309155
154,"clusterCC=2, clusterFC=1, clusterTC=1",0.00477554602168135
155,"clusterCC=2, clusterFC=1, clusterTC=1",0.00476316783772224
156,"clusterCC=2, clusterFC=1, clusterTC=1",0.00475085864216051
157,"clusterCC=2, clusterFC=1, clusterTC=1",0.00473861799612178
158,"clusterCC=2, clusterFC=1, clusterTC=1",0.00472644545904837
159,"clusterCC=2, clusterFC=1, clusterTC=1",0.00471434058899523
161,"clusterCC=2, clusterFC=1, clusterTC=1",0.00469033207689199
164,"clusterCC=2, clusterFC=1, clusterTC=1",0.00465481571272
166,"clusterCC=2, clusterFC=1, clusterTC=1",0.00463146388240706
167,"clusterCC=2, clusterFC=1, clusterTC=1",0.00461988435720784
168,"clusterCC=2, clusterFC=1, clusterTC=1",0.0046083685003044
1,"clusterCC=2, clusterFC=2, clusterTC=1",2.79597513237018e-05
2,"clusterCC=2, clusterFC=2, clusterTC=1",0.000198227626160808
3,"clusterCC=2, clusterFC=2, clusterTC=1",0.000930172494230325
4,"clusterCC=2, clusterFC=2, clusterTC=1",0.00261489931995771
5,"clusterCC=2, clusterFC=2, clusterTC=1",0.00501336433495358
6,"clusterCC=2, clusterFC=2, clusterTC=1",0.00755913440842587
7,"clusterCC=2, clusterFC=2, clusterTC=1",0.00977776246426446
8,"clusterCC=2, clusterFC=2, clusterTC=1",0.0114238466682883
9,"clusterCC=2, clusterFC=2, clusterTC=1",0.0124445004126262
10,"clusterCC=2, clusterFC=2, clusterTC=1",0.0129012373095031
11,"clusterCC=2, clusterFC=2, clusterTC=1",0.0129055725701001
12,"clusterCC=2, clusterFC=2, clusterTC=1",0.0125787229110509
13,"clusterCC=2, clusterFC=2, clusterTC=1",0.0121162794525788
14,"clusterCC=2, clusterFC=2, clusterTC=1",0.168484600267343
15,"clusterCC=2, clusterFC=2, clusterTC=1",0.0125153597955897
16,"clusterCC=2, clusterFC=2, clusterTC=1",0.0110462680382276
17,"clusterCC=2, clusterFC=2, clusterTC=1",0.010239848622507
18,"clusterCC=2, clusterFC=2, clusterTC=1",0.00947982284688365
19,"clusterCC=2, clusterFC=2, clusterTC=1",0.00878022393310441
20,"clusterCC=2, clusterFC=2, clusterTC=1",0.00814764269885254
21,"clusterCC=2, clusterFC=2, clusterTC=1",0.00758353886634749
22,"clusterCC=2, clusterFC=2, clusterTC=1",0.00708600445133417
23,"clusterCC=2, clusterFC=2, clusterTC=1",0.0066510631667322
24,"clusterCC=2, clusterFC=2, clusterTC=1",0.00627359786163533
25,"clusterCC=2, clusterFC=2, clusterTC=1",0.00594799125737775
26,"clusterCC=2, clusterFC=2, clusterTC=1",0.00566855246680918
27,"clusterCC=2, clusterFC=2, clusterTC=1",0.00542978769461819
28,"clusterCC=2, clusterFC=2, clusterTC=1",0.00522656041958953
29,"clusterCC=2, clusterFC=2, clusterTC=1",0.0050541751949392
30,"clusterCC=2, clusterFC=2, clusterTC=1",0.00490841018058754
31,"clusterCC=2, clusterFC=2, clusterTC=1",0.00478551649471742
32,"clusterCC=2, clusterFC=2, clusterTC=1",0.004682197149105
33,"clusterCC=2, clusterFC=2, clusterTC=1",0.00459557438874908
34,"clusterCC=2, clusterFC=2, clusterTC=1",0.00452315138864363
35,"clusterCC=2, clusterFC=2, clusterTC=1",0.00446277221080193
36,"clusterCC=2, clusterFC=2, clusterTC=1",0.00441258248368799
37,"clusterCC=2, clusterFC=2, clusterTC=1",0.00437099227062522
38,"clusterCC=2, clusterFC=2, clusterTC=1",0.00433664191912087
39,"clusterCC=2, clusterFC=2, clusterTC=1",0.00430837123651454
40,"clusterCC=2, clusterFC=2, clusterTC=1",0.00428519205073134
41,"clusterCC=2, clusterFC=2, clusterTC=1",0.00426626403878298
42,"clusterCC=2, clusterFC=2, clusterTC=1",0.00425087360464068
43,"clusterCC=2, clusterFC=2, clusterTC=1",0.0042384155371713
44,"clusterCC=2, clusterFC=2, clusterTC=1",0.00422837716046709
45,"clusterCC=2, clusterFC=2, clusterTC=1",0.00422032469100303
46,"clusterCC=2, clusterFC=2, clusterTC=1",0.00421389153037031
47,"clusterCC=2, clusterFC=2, clusterTC=1",0.00420876824332093
48,"clusterCC=2, clusterFC=2, clusterTC=1",0.00420469399488019
49,"clusterCC=2, clusterFC=2, clusterTC=1",0.00420144924501569
50,"clusterCC=2, clusterFC=2, clusterTC=1",0.00419884952336739
51,"clusterCC=2, clusterFC=2, clusterTC=1",0.0041967401290229
52,"clusterCC=2, clusterFC=2, clusterTC=1",0.00419499162084503
53,"clusterCC=2, clusterFC=2, clusterTC=1",0.00419349598226635
54,"clusterCC=2, clusterFC=2, clusterTC=1",0.00419216336075963
55,"clusterCC=2, clusterFC=2, clusterTC=1",0.00419091929647458
56,"clusterCC=2, clusterFC=2, clusterTC=1",0.00418970236695348
57,"clusterCC=2, clusterFC=2, clusterTC=1",0.00418846218557858
58,"clusterCC=2, clusterFC=2, clusterTC=1",0.00418715770064746
59,"clusterCC=2, clusterFC=2, clusterTC=1",0.00418575574989775
60,"clusterCC=2, clusterFC=2, clusterTC=1",0.00418422983207858
61,"clusterCC=2, clusterFC=2, clusterTC=1",0.00418255906294537
62,"clusterCC=2, clusterFC=2, clusterTC=1",0.00418072728797585
63,"clusterCC=2, clusterFC=2, clusterTC=1",0.00417872232828919
64,"clusterCC=2, clusterFC=2, clusterTC=1",0.00417653533980465
65,"clusterCC=2, clusterFC=2, clusterTC=1",0.00417416026869255
66,"clusterCC=2, clusterFC=2, clusterTC=1",0.00417159338872935
67,"clusterCC=2, clusterFC=2, clusterTC=1",0.0041688329083388
68,"clusterCC=2, clusterFC=2, clusterTC=1",0.00416587863694128
69,"clusterCC=2, clusterFC=2, clusterTC=1",0.00416273170179321
70,"clusterCC=2, clusterFC=2, clusterTC=1",0.00415939430782126
71,"clusterCC=2, clusterFC=2, clusterTC=1",0.0041558695340782
72,"clusterCC=2, clusterFC=2, clusterTC=1",0.00415216116139832
73,"clusterCC=2, clusterFC=2, clusterTC=1",0.00414827352663832
74,"clusterCC=2, clusterFC=2, clusterTC=1",0.00414421139957475
75,"clusterCC=2, clusterFC=2, clusterTC=1",0.00413997987911134
76,"clusterCC=2, clusterFC=2, clusterTC=1",0.00413558430594409
77,"clusterCC=2, clusterFC=2, clusterTC=1",0.00413103018925258
78,"clusterCC=2, clusterFC=2, clusterTC=1",0.00412632314534315
79,"clusterCC=2, clusterFC=2, clusterTC=1",0.00412146884647451
80,"clusterCC=2, clusterFC=2, clusterTC=1",0.00411647297835461
81,"clusterCC=2, clusterFC=2, clusterTC=1",0.00411134120501915
82,"clusterCC=2, clusterFC=2, clusterTC=1",0.00410607913998933
83,"clusterCC=2, clusterFC=2, clusterTC=1",0.00410069232276772
84,"clusterCC=2, clusterFC=2, clusterTC=1",0.00409518619986721
85,"clusterCC=2, clusterFC=2, clusterTC=1",0.00408956610968549
86,"clusterCC=2, clusterFC=2, clusterTC=1",0.00408383727063685
87,"clusterCC=2, clusterFC=2, clusterTC=1",0.00407800477203882
88,"clusterCC=2, clusterFC=2, clusterTC=1",0.00407207356732358
89,"clusterCC=2, clusterFC=2, clusterTC=1",0.00406604846920701
90,"clusterCC=2, clusterFC=2, clusterTC=1",0.00405993414650125
91,"clusterCC=2, clusterFC=2, clusterTC=1",0.0040537351223024
92,"clusterCC=2, clusterFC=2, clusterTC=1",0.00404745577332431
93,"clusterCC=2, clusterFC=2, clusterTC=1",0.00404110033018269
94,"clusterCC=2, clusterFC=2, clusterTC=1",0.00403467287846278
95,"clusterCC=2, clusterFC=2, clusterTC=1",0.00402817736042813
96,"clusterCC=2, clusterFC=2, clusterTC=1",0.00402161757724944
97,"clusterCC=2, clusterFC=2, clusterTC=1",0.00401499719165027
98,"clusterCC=2, clusterFC=2, clusterTC=1",0.00400831973088229
99,"clusterCC=2, clusterFC=2, clusterTC=1",0.00400158858995549
100,"clusterCC=2, clusterFC=2, clusterTC=1",0.00399480703506091
101,"clusterCC=2, clusterFC=2, clusterTC=1",0.00398797820713251
102,"clusterCC=2, clusterFC=2, clusterTC=1",0.00398110512550376
103,"clusterCC=2, clusterFC=2, clusterTC=1",0.00397419069162129
104,"clusterCC=2, clusterFC=2, clusterTC=1",0.00396723769278442
105,"clusterCC=2, clusterFC=2, clusterTC=1",0.00396024880588449
106,"clusterCC=2, clusterFC=2, clusterTC=1",0.00395322660112232
107,"clusterCC=2, clusterFC=2, clusterTC=1",0.00394617354568625
108,"clusterCC=2, clusterFC=2, clusterTC=1",0.00393909200737624
109,"clusterCC=2, clusterFC=2, clusterTC=1",0.0039319842581625
110,"clusterCC=2, clusterFC=2, clusterTC=1",0.00392485247766936
111,"clusterCC=2, clusterFC=2, clusterTC=1",0.00391769875657713
112,"clusterCC=2, clusterFC=2, clusterTC=1",0.00391052509993669
114,"clusterCC=2, clusterFC=2, clusterTC=1",0.00389612559131133
116,"clusterCC=2, clusterFC=2, clusterTC=1",0.00388166839971794
118,"clusterCC=2, clusterFC=2, clusterTC=1",0.00386716679936449
119,"clusterCC=2, clusterFC=2, clusterTC=1",0.00385990319525891
120,"clusterCC=2, clusterFC=2, clusterTC=1",0.00385263298005143
121,"clusterCC=2, clusterFC=2, clusterTC=1",0.00384535752167838
122,"clusterCC=2, clusterFC=2, clusterTC=1",0.00383807813037529
123,"clusterCC=2, clusterFC=2, clusterTC=1",0.00383079606095687
124,"clusterCC=2, clusterFC=2, clusterTC=1",0.00382351251501053
125,"clusterCC=2, clusterFC=2, clusterTC=1",0.00381622864300586
128,"clusterCC=2, clusterFC=2, clusterTC=1",0.00379438585060732
129,"clusterCC=2, clusterFC=2, clusterTC=1",0.00378711122604607
132,"clusterCC=2, clusterFC=2, clusterTC=1",0.00376531921529599
136,"clusterCC=2, clusterFC=2, clusterTC=1",0.00373636810732439
138,"clusterCC=2, clusterFC=2, clusterTC=1",0.00372195068538294
141,"clusterCC=2, clusterFC=2, clusterTC=1",0.00370041157269798
149,"clusterCC=2, clusterFC=2, clusterTC=1",0.00364358450283663
150,"clusterCC=2, clusterFC=2, clusterTC=1",0.00363655155448322
1,"clusterCC=5, clusterFC=5, clusterTC=5",4.88727055323839e-07
2,"clusterCC=5, clusterFC=5, clusterTC=5",9.31434167822137e-05
3,"clusterCC=5, clusterFC=5, clusterTC=5",0.00082694690658915
4,"clusterCC=5, clusterFC=5, clusterTC=5",0.00261731827546641
5,"clusterCC=5, clusterFC=5, clusterTC=5",0.00510546280305873
6,"clusterCC=5, clusterFC=5, clusterTC=5",0.00762520626765526
7,"clusterCC=5, clusterFC=5, clusterTC=5",0.00967952572969611
8,"clusterCC=5, clusterFC=5, clusterTC=5",0.0110513834087553
9,"clusterCC=5, clusterFC=5, clusterTC=5",0.0117327465143718
10,"clusterCC=5, clusterFC=5, clusterTC=5",0.0118266457690192
11,"clusterCC=5, clusterFC=5, clusterTC=5",0.0114754619124743
12,"clusterCC=5, clusterFC=5, clusterTC=5",0.0108199602251593
13,"clusterCC=5, clusterFC=5, clusterTC=5",0.00998036627090982
14,"clusterCC=5, clusterFC=5, clusterTC=5",0.00905050006940812
15,"clusterCC=5, clusterFC=5, clusterTC=5",0.00809864774997581
16,"clusterCC=5, clusterFC=5, clusterTC=5",0.00717134207442414
17,"clusterCC=5, clusterFC=5, clusterTC=5",0.00629795119528105
18,"clusterCC=5, clusterFC=5, clusterTC=5",0.00549503804198553
19,"clusterCC=5, clusterFC=5, clusterTC=5",0.00477005983625099
20,"clusterCC=5, clusterFC=5, clusterTC=5",0.00412430035079772
21,"clusterCC=5, clusterFC=5, clusterTC=5",0.00355508362172751
22,"clusterCC=5, clusterFC=5, clusterTC=5",0.00305738060191617
23,"clusterCC=5, clusterFC=5, clusterTC=5",0.00262493407491626
24,"clusterCC=5, clusterFC=5, clusterTC=5",0.00225101772289573
25,"clusterCC=5, clusterFC=5, clusterTC=5",0.001928926759505
26,"clusterCC=5, clusterFC=5, clusterTC=5",0.00165227736248819
27,"clusterCC=5, clusterFC=5, clusterTC=5",0.00141517370858562
28,"clusterCC=5, clusterFC=5, clusterTC=5",0.00121228601216604
29,"clusterCC=5, clusterFC=5, clusterTC=5",0.0010388707865961
30,"clusterCC=5, clusterFC=5, clusterTC=5",0.000890755268780966
31,"clusterCC=5, clusterFC=5, clusterTC=5",0.000764301078715621
32,"clusterCC=5, clusterFC=5, clusterTC=5",0.000656357216986317
33,"clusterCC=5, clusterFC=5, clusterTC=5",0.000564208979586589
34,"clusterCC=5, clusterFC=5, clusterTC=5",0.000485526916884028
35,"clusterCC=5, clusterFC=5, clusterTC=5",0.000418318288335958
36,"clusterCC=5, clusterFC=5, clusterTC=5",0.000360882343570523
37,"clusterCC=5, clusterFC=5, clusterTC=5",0.000311770028482133
38,"clusterCC=5, clusterFC=5, clusterTC=5",0.000269748251929563
39,"clusterCC=5, clusterFC=5, clusterTC=5",0.000233768568538529
40,"clusterCC=5, clusterFC=5, clusterTC=5",0.000202939975357649
41,"clusterCC=5, clusterFC=5, clusterTC=5",0.000176505442448907
42,"clusterCC=5, clusterFC=5, clusterTC=5",0.00015382177084687
43,"clusterCC=5, clusterFC=5, clusterTC=5",0.000134342375967645
44,"clusterCC=5, clusterFC=5, clusterTC=5",0.00011760261730056
45,"clusterCC=5, clusterFC=5, clusterTC=5",0.000103207327417074
46,"clusterCC=5, clusterFC=5, clusterTC=5",9.08202294342573e-05
47,"clusterCC=5, clusterFC=5, clusterTC=5",8.01549686326647e-05
48,"clusterCC=5, clusterFC=5, clusterTC=5",7.0967518917726e-05
49,"clusterCC=5, clusterFC=5, clusterTC=5",6.30497571241473e-05
50,"clusterCC=5, clusterFC=5, clusterTC=5",5.62240272860805e-05
51,"clusterCC=5, clusterFC=5, clusterTC=5",5.0338542797936e-05
52,"clusterCC=5, clusterFC=5, clusterTC=5",4.52634969623802e-05
53,"clusterCC=5, clusterFC=5, clusterTC=5",4.08877719801004e-05
54,"clusterCC=5, clusterFC=5, clusterTC=5",3.71161532593167e-05
55,"clusterCC=5, clusterFC=5, clusterTC=5",3.38669703126808e-05
56,"clusterCC=5, clusterFC=5, clusterTC=5",3.10700977633004e-05
57,"clusterCC=5, clusterFC=5, clusterTC=5",2.8665260381563e-05
58,"clusterCC=5, clusterFC=5, clusterTC=5",2.66005948774413e-05
59,"clusterCC=5, clusterFC=5, clusterTC=5",2.48314286091332e-05
60,"clusterCC=5, clusterFC=5, clusterTC=5",2.33192416408229e-05
61,"clusterCC=5, clusterFC=5, clusterTC=5",2.20307838663373e-05
62,"clusterCC=5, clusterFC=5, clusterTC=5",2.09373233636098e-05
63,"clusterCC=5, clusterFC=5, clusterTC=5",2.00140058874009e-05
64,"clusterCC=5, clusterFC=5, clusterTC=5",1.92393085557089e-05
65,"clusterCC=5, clusterFC=5, clusterTC=5",1.8594573432915e-05
66,"clusterCC=5, clusterFC=5, clusterTC=5",1.8063608939648e-05
67,"clusterCC=5, clusterFC=5, clusterTC=5",1.76323488928421e-05
68,"clusterCC=5, clusterFC=5, clusterTC=5",1.72885605561082e-05
69,"clusterCC=5, clusterFC=5, clusterTC=5",1.70215944079452e-05
70,"clusterCC=5, clusterFC=5, clusterTC=5",1.6822169453436e-05
71,"clusterCC=5, clusterFC=5, clusterTC=5",1.66821888474667e-05
72,"clusterCC=5, clusterFC=5, clusterTC=5",1.65945813922865e-05
73,"clusterCC=5, clusterFC=5, clusterTC=5",1.65531651429839e-05
74,"clusterCC=5, clusterFC=5, clusterTC=5",1.65525299209646e-05
75,"clusterCC=5, clusterFC=5, clusterTC=5",1.65879360143423e-05
76,"clusterCC=5, clusterFC=5, clusterTC=5",1.6655226749203e-05
77,"clusterCC=5, clusterFC=5, clusterTC=5",1.67507529586211e-05
1,"clusterCC=6, clusterFC=6, clusterTC=6",0.00012781074536788
3,"clusterCC=6, clusterFC=6, clusterTC=6",0.000905356598103285
10,"clusterCC=6, clusterFC=6, clusterTC=6",0.00318250466912647
13,"clusterCC=6, clusterFC=6, clusterTC=6",0.00373528447878474
23,"clusterCC=6, clusterFC=6, clusterTC=6",0.00491051911191171
24,"clusterCC=6, clusterFC=6, clusterTC=6",0.00500927928946918
29,"clusterCC=6, clusterFC=6, clusterTC=6",0.00548830284967632
30,"clusterCC=6, clusterFC=6, clusterTC=6",0.00558079593890911
31,"clusterCC=6, clusterFC=6, clusterTC=6",0.0056718404816007
33,"clusterCC=6, clusterFC=6, clusterTC=6",0.00584878726005432
34,"clusterCC=6, clusterFC=6, clusterTC=6",0.0059342802496309
37,"clusterCC=6, clusterFC=6, clusterTC=6",0.00617648639892316
38,"clusterCC=6, clusterFC=6, clusterTC=6",0.00625187739792031
39,"clusterCC=6, clusterFC=6, clusterTC=6",0.0063243413909203
40,"clusterCC=6, clusterFC=6, clusterTC=6",0.00639375154270865
41,"clusterCC=6, clusterFC=6, clusterTC=6",0.00645999923477888
42,"clusterCC=6, clusterFC=6, clusterTC=6",0.00652299407646179
43,"clusterCC=6, clusterFC=6, clusterTC=6",0.00658266358617248
44,"clusterCC=6, clusterFC=6, clusterTC=6",0.00663895261706342
46,"clusterCC=6, clusterFC=6, clusterTC=6",0.00674125058690383
47,"clusterCC=6, clusterFC=6, clusterTC=6",0.00678722834767992
48,"clusterCC=6, clusterFC=6, clusterTC=6",0.00682976120791713
49,"clusterCC=6, clusterFC=6, clusterTC=6",0.00686886700556621
50,"clusterCC=6, clusterFC=6, clusterTC=6",0.00690457498078231
51,"clusterCC=6, clusterFC=6, clusterTC=6",0.00693692468729069
53,"clusterCC=6, clusterFC=6, clusterTC=6",0.00699175273782446
54,"clusterCC=6, clusterFC=6, clusterTC=6",0.00701435238559868
55,"clusterCC=6, clusterFC=6, clusterTC=6",0.00703383446091825
56,"clusterCC=6, clusterFC=6, clusterTC=6",0.00705027498934949
57,"clusterCC=6, clusterFC=6, clusterTC=6",0.00706375461421184
58,"clusterCC=6, clusterFC=6, clusterTC=6",0.0070743578336955
59,"clusterCC=6, clusterFC=6, clusterTC=6",0.00708217229483808
60,"clusterCC=6, clusterFC=6, clusterTC=6",0.00708728814338436
61,"clusterCC=6, clusterFC=6, clusterTC=6",0.00708979742795994
62,"clusterCC=6, clusterFC=6, clusterTC=6",0.00708979355654861
63,"clusterCC=6, clusterFC=6, clusterTC=6",0.00708737080294889
64,"clusterCC=6, clusterFC=6, clusterTC=6",0.00708262386067292
65,"clusterCC=6, clusterFC=6, clusterTC=6",0.00707564744162093
67,"clusterCC=6, clusterFC=6, clusterTC=6",0.0070553829963554
68,"clusterCC=6, clusterFC=6, clusterTC=6",0.00704228144617362
69,"clusterCC=6, clusterFC=6, clusterTC=6",0.00702732283845421
70,"clusterCC=6, clusterFC=6, clusterTC=6",0.00701059733363508
71,"clusterCC=6, clusterFC=6, clusterTC=6",0.00699219349123398
72,"clusterCC=6, clusterFC=6, clusterTC=6",0.00697219810724329
73,"clusterCC=6, clusterFC=6, clusterTC=6",0.00695069607584613
74,"clusterCC=6, clusterFC=6, clusterTC=6",0.00692777027334549
75,"clusterCC=6, clusterFC=6, clusterTC=6",0.00690350146232357
76,"clusterCC=6, clusterFC=6, clusterTC=6",0.00687796821417445
77,"clusterCC=6, clusterFC=6, clusterTC=6",0.00685124684827598
78,"clusterCC=6, clusterFC=6, clusterTC=6",0.00682341138618771
79,"clusterCC=6, clusterFC=6, clusterTC=6",0.0067945335193764
80,"clusterCC=6, clusterFC=6, clusterTC=6",0.00676468258908254
81,"clusterCC=6, clusterFC=6, clusterTC=6",0.0067339255770463
82,"clusterCC=6, clusterFC=6, clusterTC=6",0.00670232710591211
83,"clusterCC=6, clusterFC=6, clusterTC=6",0.00666994944822503
84,"clusterCC=6, clusterFC=6, clusterTC=6",0.00663685254302155
85,"clusterCC=6, clusterFC=6, clusterTC=6",0.00660309401910026
86,"clusterCC=6, clusterFC=6, clusterTC=6",0.00656872922413637
87,"clusterCC=6, clusterFC=6, clusterTC=6",0.00653381125887583
88,"clusterCC=6, clusterFC=6, clusterTC=6",0.00649839101571336
89,"clusterCC=6, clusterFC=6, clusterTC=6",0.00646251722102036
90,"clusterCC=6, clusterFC=6, clusterTC=6",0.00642623648064774
91,"clusterCC=6, clusterFC=6, clusterTC=6",0.00638959332808163
92,"clusterCC=6, clusterFC=6, clusterTC=6",0.00635263027478028
93,"clusterCC=6, clusterFC=6, clusterTC=6",0.00631538786226548
94,"clusterCC=6, clusterFC=6, clusterTC=6",0.00627790471558488
95,"clusterCC=6, clusterFC=6, clusterTC=6",0.00624021759779937
96,"clusterCC=6, clusterFC=6, clusterTC=6",0.00620236146518624
97,"clusterCC=6, clusterFC=6, clusterTC=6",0.00616436952288084
98,"clusterCC=6, clusterFC=6, clusterTC=6",0.00612627328070966
99,"clusterCC=6, clusterFC=6, clusterTC=6",0.00608810260899539
100,"clusterCC=6, clusterFC=6, clusterTC=6",0.00604988579413902
101,"clusterCC=6, clusterFC=6, clusterTC=6",0.00601164959380764
102,"clusterCC=6, clusterFC=6, clusterTC=6",0.00597341929157696
103,"clusterCC=6, clusterFC=6, clusterTC=6",0.00593521875089674
104,"clusterCC=6, clusterFC=6, clusterTC=6",0.00589707046826489
105,"clusterCC=6, clusterFC=6, clusterTC=6",0.00585899562551137
107,"clusterCC=6, clusterFC=6, clusterTC=6",0.00578314472042977
108,"clusterCC=6, clusterFC=6, clusterTC=6",0.00574540490491693
110,"clusterCC=6, clusterFC=6, clusterTC=6",0.00567037872227908
111,"clusterCC=6, clusterFC=6, clusterTC=6",0.00563312204437001
113,"clusterCC=6, clusterFC=6, clusterTC=6",0.00555918832659091
116,"clusterCC=6, clusterFC=6, clusterTC=6",0.00544990993411552
118,"clusterCC=6, clusterFC=6, clusterTC=6",0.00537825436630433
121,"clusterCC=6, clusterFC=6, clusterTC=6",0.00527272619222905
122,"clusterCC=6, clusterFC=6, clusterTC=6",0.00523809750173103
123,"clusterCC=6, clusterFC=6, clusterTC=6",0.00520375155539443
129,"clusterCC=6, clusterFC=6, clusterTC=6",0.00500383641388534
136,"clusterCC=6, clusterFC=6, clusterTC=6",0.00478444768966337
138,"clusterCC=6, clusterFC=6, clusterTC=6",0.00472454461602504
1,"clusterCC=7, clusterFC=7, clusterTC=7",0.012934762873724
2,"clusterCC=7, clusterFC=7, clusterTC=7",0.0504010085389462
3,"clusterCC=7, clusterFC=7, clusterTC=7",0.0531720386237561
4,"clusterCC=7, clusterFC=7, clusterTC=7",0.0412550881768313
5,"clusterCC=7, clusterFC=7, clusterTC=7",0.0307495911802354
6,"clusterCC=7, clusterFC=7, clusterTC=7",0.0242934956054476
7,"clusterCC=7, clusterFC=7, clusterTC=7",0.0207953061057326
8,"clusterCC=7, clusterFC=7, clusterTC=7",0.0189970205404561
9,"clusterCC=7, clusterFC=7, clusterTC=7",0.0180884397369238
10,"clusterCC=7, clusterFC=7, clusterTC=7",0.0176222776500363
11,"clusterCC=7, clusterFC=7, clusterTC=7",0.0173662694394712
12,"clusterCC=7, clusterFC=7, clusterTC=7",0.0172034663552493
13,"clusterCC=7, clusterFC=7, clusterTC=7",0.0170763883676949
14,"clusterCC=7, clusterFC=7, clusterTC=7",0.0169577045917062
15,"clusterCC=7, clusterFC=7, clusterTC=7",0.0168352097511292
16,"clusterCC=7, clusterFC=7, clusterTC=7",0.0167041884913413
17,"clusterCC=7, clusterFC=7, clusterTC=7",0.0165635442513958
18,"clusterCC=7, clusterFC=7, clusterTC=7",0.0164138422037223
19,"clusterCC=7, clusterFC=7, clusterTC=7",0.0162563277098553
20,"clusterCC=7, clusterFC=7, clusterTC=7",0.0160924433687077
21,"clusterCC=7, clusterFC=7, clusterTC=7",0.0159236009696785
22,"clusterCC=7, clusterFC=7, clusterTC=7",0.0157516112482697
23,"clusterCC=7, clusterFC=7, clusterTC=7",0.0186202058461617
24,"clusterCC=7, clusterFC=7, clusterTC=7",0.130886383500518
25,"clusterCC=7, clusterFC=7, clusterTC=7",0.0707704340514711
26,"clusterCC=7, clusterFC=7, clusterTC=7",0.0183861607746873
27,"clusterCC=7, clusterFC=7, clusterTC=7",0.0178066810345282
28,"clusterCC=7, clusterFC=7, clusterTC=7",0.0176473522823674
29,"clusterCC=7, clusterFC=7, clusterTC=7",0.0174888077677676
30,"clusterCC=7, clusterFC=7, clusterTC=7",0.017331295294582
31,"clusterCC=7, clusterFC=7, clusterTC=7",0.0171750973103055
32,"clusterCC=7, clusterFC=7, clusterTC=7",0.0170204413129728
33,"clusterCC=7, clusterFC=7, clusterTC=7",0.0168675089038946
34,"clusterCC=7, clusterFC=7, clusterTC=7",0.0167164433754556
35,"clusterCC=7, clusterFC=7, clusterTC=7",0.0165673560574395
36,"clusterCC=7, clusterFC=7, clusterTC=7",0.0164203316207929
37,"clusterCC=7, clusterFC=7, clusterTC=7",0.0162754325101467
38,"clusterCC=7, clusterFC=7, clusterTC=7",0.0161327026501874
39,"clusterCC=7, clusterFC=7, clusterTC=7",0.0159921705475043
40,"clusterCC=7, clusterFC=7, clusterTC=7",0.01585385188923
41,"clusterCC=7, clusterFC=7, clusterTC=7",0.0157177517225787
42,"clusterCC=7, clusterFC=7, clusterTC=7",0.0155838662849692
43,"clusterCC=7, clusterFC=7, clusterTC=7",0.0154521845424434
44,"clusterCC=7, clusterFC=7, clusterTC=7",0.0153226894841872
45,"clusterCC=7, clusterFC=7, clusterTC=7",0.0151953592127869
46,"clusterCC=7, clusterFC=7, clusterTC=7",0.0150701678631262
47,"clusterCC=7, clusterFC=7, clusterTC=7",0.0149470863772796
48,"clusterCC=7, clusterFC=7, clusterTC=7",0.0148260831581882
49,"clusterCC=7, clusterFC=7, clusterTC=7",0.0147071246211322
50,"clusterCC=7, clusterFC=7, clusterTC=7",0.014590175658894
51,"clusterCC=7, clusterFC=7, clusterTC=7",0.0144752000339308
52,"clusterCC=7, clusterFC=7, clusterTC=7",0.0143621607087301
53,"clusterCC=7, clusterFC=7, clusterTC=7",0.0142510201237484
54,"clusterCC=7, clusterFC=7, clusterTC=7",0.0141417404308505
55,"clusterCC=7, clusterFC=7, clusterTC=7",0.0140342836889339
56,"clusterCC=7, clusterFC=7, clusterTC=7",0.0139286120273884
57,"clusterCC=7, clusterFC=7, clusterTC=7",0.0138246877821775
58,"clusterCC=7, clusterFC=7, clusterTC=7",0.013722473608604
59,"clusterCC=7, clusterFC=7, clusterTC=7",0.0136219325742076
60,"clusterCC=7, clusterFC=7, clusterTC=7",0.0135230282347317
61,"clusterCC=7, clusterFC=7, clusterTC=7",0.013425724695661
62,"clusterCC=7, clusterFC=7, clusterTC=7",0.0133299866614633
63,"clusterCC=7, clusterFC=7, clusterTC=7",0.0132357794743589
64,"clusterCC=7, clusterFC=7, clusterTC=7",0.0131430691441762
65,"clusterCC=7, clusterFC=7, clusterTC=7",0.0130518223706275
66,"clusterCC=7, clusterFC=7, clusterTC=7",0.0129620065591481
67,"clusterCC=7, clusterFC=7, clusterTC=7",0.0128735898312791
68,"clusterCC=7, clusterFC=7, clusterTC=7",0.0127865410304329
69,"clusterCC=7, clusterFC=7, clusterTC=7",0.0127008297237647
70,"clusterCC=7, clusterFC=7, clusterTC=7",0.0126164262007693
71,"clusterCC=7, clusterFC=7, clusterTC=7",0.0125333014691337
72,"clusterCC=7, clusterFC=7, clusterTC=7",0.0124514272483055
73,"clusterCC=7, clusterFC=7, clusterTC=7",0.0123707759611674
74,"clusterCC=7, clusterFC=7, clusterTC=7",0.0122913207241564
75,"clusterCC=7, clusterFC=7, clusterTC=7",0.0122130353361167
76,"clusterCC=7, clusterFC=7, clusterTC=7",0.0121358942661354
77,"clusterCC=7, clusterFC=7, clusterTC=7",0.0120598726405739
78,"clusterCC=7, clusterFC=7, clusterTC=7",0.0119849462294768
79,"clusterCC=7, clusterFC=7, clusterTC=7",0.0119110914325157
80,"clusterCC=7, clusterFC=7, clusterTC=7",0.0118382852645999
81,"clusterCC=7, clusterFC=7, clusterTC=7",0.0117665053412685
82,"clusterCC=7, clusterFC=7, clusterTC=7",0.0116957298639606
83,"clusterCC=7, clusterFC=7, clusterTC=7",0.0116259376052446
84,"clusterCC=7, clusterFC=7, clusterTC=7",0.0115571078940767
85,"clusterCC=7, clusterFC=7, clusterTC=7",0.0114892206011463
86,"clusterCC=7, clusterFC=7, clusterTC=7",0.0114222561243573
87,"clusterCC=7, clusterFC=7, clusterTC=7",0.0113561953744851
88,"clusterCC=7, clusterFC=7, clusterTC=7",0.0112910197610439
89,"clusterCC=7, clusterFC=7, clusterTC=7",0.0112267111783902
90,"clusterCC=7, clusterFC=7, clusterTC=7",0.0111632519920852
91,"clusterCC=7, clusterFC=7, clusterTC=7",0.0111006250255341
92,"clusterCC=7, clusterFC=7, clusterTC=7",0.0110388135469139
93,"clusterCC=7, clusterFC=7, clusterTC=7",0.0109778012564021
94,"clusterCC=7, clusterFC=7, clusterTC=7",0.0109175722737125
95,"clusterCC=7, clusterFC=7, clusterTC=7",0.0108581111259425
96,"clusterCC=7, clusterFC=7, clusterTC=7",0.0107994027357355
97,"clusterCC=7, clusterFC=7, clusterTC=7",0.0107414324097587
98,"clusterCC=7, clusterFC=7, clusterTC=7",0.0106841858274959
99,"clusterCC=7, clusterFC=7, clusterTC=7",0.0106276490303538
100,"clusterCC=7, clusterFC=7, clusterTC=7",0.0105718084110775
101,"clusterCC=7, clusterFC=7, clusterTC=7",0.0105166507034735
102,"clusterCC=7, clusterFC=7, clusterTC=7",0.0104621629724338
103,"clusterCC=7, clusterFC=7, clusterTC=7",0.010408332604256
104,"clusterCC=7, clusterFC=7, clusterTC=7",0.0103551472972552
105,"clusterCC=7, clusterFC=7, clusterTC=7",0.01030259505266
106,"clusterCC=7, clusterFC=7, clusterTC=7",0.0102506641657869
107,"clusterCC=7, clusterFC=7, clusterTC=7",0.0101993432174864
108,"clusterCC=7, clusterFC=7, clusterTC=7",0.0101486210658542
109,"clusterCC=7, clusterFC=7, clusterTC=7",0.0100984868382006
110,"clusterCC=7, clusterFC=7, clusterTC=7",0.0100489299232703
111,"clusterCC=7, clusterFC=7, clusterTC=7",0.0099999399637069
112,"clusterCC=7, clusterFC=7, clusterTC=7",0.00995150684875473
113,"clusterCC=7, clusterFC=7, clusterTC=7",0.00990362070719034
114,"clusterCC=7, clusterFC=7, clusterTC=7",0.0098562719004778
115,"clusterCC=7, clusterFC=7, clusterTC=7",0.00980945101614047
116,"clusterCC=7, clusterFC=7, clusterTC=7",0.00976314886134293
117,"clusterCC=7, clusterFC=7, clusterTC=7",0.00971735645667606
118,"clusterCC=7, clusterFC=7, clusterTC=7",0.00967206503013944
119,"clusterCC=7, clusterFC=7, clusterTC=7",0.00962726601131416
120,"clusterCC=7, clusterFC=7, clusterTC=7",0.00958295102572064
121,"clusterCC=7, clusterFC=7, clusterTC=7",0.00953911188935468
122,"clusterCC=7, clusterFC=7, clusterTC=7",0.00949574060339655
123,"clusterCC=7, clusterFC=7, clusterTC=7",0.00945282934908713
124,"clusterCC=7, clusterFC=7, clusterTC=7",0.00941037048276565
125,"clusterCC=7, clusterFC=7, clusterTC=7",0.00936835653106369
126,"clusterCC=7, clusterFC=7, clusterTC=7",0.00932678018625016
127,"clusterCC=7, clusterFC=7, clusterTC=7",0.0092856343017224
128,"clusterCC=7, clusterFC=7, clusterTC=7",0.00924491188763832
129,"clusterCC=7, clusterFC=7, clusterTC=7",0.0092046061066849
130,"clusterCC=7, clusterFC=7, clusterTC=7",0.00916471026997851
131,"clusterCC=7, clusterFC=7, clusterTC=7",0.00912521783309255
132,"clusterCC=7, clusterFC=7, clusterTC=7",0.00908612239220832
133,"clusterCC=7, clusterFC=7, clusterTC=7",0.00904741768038444
134,"clusterCC=7, clusterFC=7, clusterTC=7",0.0090090975639416
135,"clusterCC=7, clusterFC=7, clusterTC=7",0.00897115603895802
136,"clusterCC=7, clusterFC=7, clusterTC=7",0.00893358722787234
139,"clusterCC=7, clusterFC=7, clusterTC=7",0.00882306012933033
140,"clusterCC=7, clusterFC=7, clusterTC=7",0.00878692581223961
141,"clusterCC=7, clusterFC=7, clusterTC=7",0.00875113660481079
142,"clusterCC=7, clusterFC=7, clusterTC=7",0.00871568732187254
143,"clusterCC=7, clusterFC=7, clusterTC=7",0.00868057288354938
144,"clusterCC=7, clusterFC=7, clusterTC=7",0.00864578831260259
145,"clusterCC=7, clusterFC=7, clusterTC=7",0.00861132873184998
147,"clusterCC=7, clusterFC=7, clusterTC=7",0.00854336551753209
148,"clusterCC=7, clusterFC=7, clusterTC=7",0.00850985260771702
149,"clusterCC=7, clusterFC=7, clusterTC=7",0.00847664613094788
150,"clusterCC=7, clusterFC=7, clusterTC=7",0.00844374167420651
151,"clusterCC=7, clusterFC=7, clusterTC=7",0.00841113491056702
152,"clusterCC=7, clusterFC=7, clusterTC=7",0.00837882159709942
153,"clusterCC=7, clusterFC=7, clusterTC=7",0.00834679757283374
154,"clusterCC=7, clusterFC=7, clusterTC=7",0.0083150587567825
155,"clusterCC=7, clusterFC=7, clusterTC=7",0.00828360114601953
157,"clusterCC=7, clusterFC=7, clusterTC=7",0.00822151390781518
158,"clusterCC=7, clusterFC=7, clusterTC=7",0.0081908766482933
159,"clusterCC=7, clusterFC=7, clusterTC=7",0.00816050532642341
160,"clusterCC=7, clusterFC=7, clusterTC=7",0.00813039630262227
161,"clusterCC=7, clusterFC=7, clusterTC=7",0.00810054600492939
162,"clusterCC=7, clusterFC=7, clusterTC=7",0.00807095092743357
164,"clusterCC=7, clusterFC=7, clusterTC=7",0.00801251273049672
165,"clusterCC=7, clusterFC=7, clusterTC=7",0.00798366291591888
166,"clusterCC=7, clusterFC=7, clusterTC=7",0.00795505492840992
168,"clusterCC=7, clusterFC=7, clusterTC=7",0.00789855170090639
