"time","strata",".pred_survival"
1,"CC=1, clusterFC=1, TC=2",0.999999973811794
2,"CC=1, clusterFC=1, TC=2",0.999999397057426
3,"CC=1, clusterFC=1, TC=2",0.999996782886802
4,"CC=1, clusterFC=1, TC=2",0.9999901948873
5,"CC=1, clusterFC=1, TC=2",0.999977699510183
6,"CC=1, clusterFC=1, TC=2",0.999957563095616
7,"CC=1, clusterFC=1, TC=2",0.999928317099929
8,"CC=1, clusterFC=1, TC=2",0.999888763779883
9,"CC=1, clusterFC=1, TC=2",0.999837956703087
10,"CC=1, clusterFC=1, TC=2",0.999775172118096
11,"CC=1, clusterFC=1, TC=2",0.999699878584917
12,"CC=1, clusterFC=1, TC=2",0.999611708154314
13,"CC=1, clusterFC=1, TC=2",0.99951043040467
14,"CC=1, clusterFC=1, TC=2",0.99939592969368
15,"CC=1, clusterFC=1, TC=2",0.999268185533485
16,"CC=1, clusterFC=1, TC=2",0.999127255793987
17,"CC=1, clusterFC=1, TC=2",0.9989732623492
18,"CC=1, clusterFC=1, TC=2",0.998806378738123
19,"CC=1, clusterFC=1, TC=2",0.998626819380799
20,"CC=1, clusterFC=1, TC=2",0.998434829856844
21,"CC=1, clusterFC=1, TC=2",0.998230677715373
22,"CC=1, clusterFC=1, TC=2",0.998014643246766
23,"CC=1, clusterFC=1, TC=2",0.997787009618177
24,"CC=1, clusterFC=1, TC=2",0.997548051767258
25,"CC=1, clusterFC=1, TC=2",0.99729802347324
26,"CC=1, clusterFC=1, TC=2",0.997037142088479
27,"CC=1, clusterFC=1, TC=2",0.9967655705201
28,"CC=1, clusterFC=1, TC=2",0.996483396198283
29,"CC=1, clusterFC=1, TC=2",0.996190606947997
30,"CC=1, clusterFC=1, TC=2",0.99588706388345
31,"CC=1, clusterFC=1, TC=2",0.995572471655553
32,"CC=1, clusterFC=1, TC=2",0.995246346586724
33,"CC=1, clusterFC=1, TC=2",0.994907983408906
34,"CC=1, clusterFC=1, TC=2",0.994556421462738
35,"CC=1, clusterFC=1, TC=2",0.994190411299012
36,"CC=1, clusterFC=1, TC=2",0.993808382619475
37,"CC=1, clusterFC=1, TC=2",0.993408414357954
38,"CC=1, clusterFC=1, TC=2",0.992988207361054
39,"CC=1, clusterFC=1, TC=2",0.992545059468197
40,"CC=1, clusterFC=1, TC=2",0.992075841658764
41,"CC=1, clusterFC=1, TC=2",0.991576972147276
42,"CC=1, clusterFC=1, TC=2",0.991044382698795
43,"CC=1, clusterFC=1, TC=2",0.990473467931682
44,"CC=1, clusterFC=1, TC=2",0.989859004099298
45,"CC=1, clusterFC=1, TC=2",0.989195019237977
46,"CC=1, clusterFC=1, TC=2",0.988474592476045
47,"CC=1, clusterFC=1, TC=2",0.987689557961012
48,"CC=1, clusterFC=1, TC=2",0.98683008980078
49,"CC=1, clusterFC=1, TC=2",0.98588415016494
50,"CC=1, clusterFC=1, TC=2",0.984836794413776
51,"CC=1, clusterFC=1, TC=2",0.983669345166323
52,"CC=1, clusterFC=1, TC=2",0.98235847075139
53,"CC=1, clusterFC=1, TC=2",0.980875230299074
54,"CC=1, clusterFC=1, TC=2",0.979184174330079
55,"CC=1, clusterFC=1, TC=2",0.977242611709761
56,"CC=1, clusterFC=1, TC=2",0.975000166676524
57,"CC=1, clusterFC=1, TC=2",0.972398749393382
58,"CC=1, clusterFC=1, TC=2",0.969373047638573
59,"CC=1, clusterFC=1, TC=2",0.965851615479987
60,"CC=1, clusterFC=1, TC=2",0.961758589096637
61,"CC=1, clusterFC=1, TC=2",0.95701600461007
62,"CC=1, clusterFC=1, TC=2",0.951546633885051
63,"CC=1, clusterFC=1, TC=2",0.945277198636419
64,"CC=1, clusterFC=1, TC=2",0.938141777581173
65,"CC=1, clusterFC=1, TC=2",0.930085191420494
66,"CC=1, clusterFC=1, TC=2",0.921066139833056
67,"CC=1, clusterFC=1, TC=2",0.911059874736322
68,"CC=1, clusterFC=1, TC=2",0.900060223681072
69,"CC=1, clusterFC=1, TC=2",0.888080823032846
70,"CC=1, clusterFC=1, TC=2",0.875155477557535
71,"CC=1, clusterFC=1, TC=2",0.861337625238557
72,"CC=1, clusterFC=1, TC=2",0.846698947540169
73,"CC=1, clusterFC=1, TC=2",0.831327220397299
74,"CC=1, clusterFC=1, TC=2",0.815323545589221
75,"CC=1, clusterFC=1, TC=2",0.798799132955135
76,"CC=1, clusterFC=1, TC=2",0.781871819853138
77,"CC=1, clusterFC=1, TC=2",0.764662515599093
78,"CC=1, clusterFC=1, TC=2",0.747291746886919
79,"CC=1, clusterFC=1, TC=2",0.729876457875183
80,"CC=1, clusterFC=1, TC=2",0.712527188775213
81,"CC=1, clusterFC=1, TC=2",0.695345722625306
82,"CC=1, clusterFC=1, TC=2",0.678423254569344
83,"CC=1, clusterFC=1, TC=2",0.661839104062037
84,"CC=1, clusterFC=1, TC=2",0.645659960117915
85,"CC=1, clusterFC=1, TC=2",0.629939624484654
86,"CC=1, clusterFC=1, TC=2",0.614719198285288
87,"CC=1, clusterFC=1, TC=2",0.600027644482304
88,"CC=1, clusterFC=1, TC=2",0.58588265122396
89,"CC=1, clusterFC=1, TC=2",0.572291719123831
90,"CC=1, clusterFC=1, TC=2",0.559253397938962
91,"CC=1, clusterFC=1, TC=2",0.546758603963536
92,"CC=1, clusterFC=1, TC=2",0.534791957732003
93,"CC=1, clusterFC=1, TC=2",0.523333091370453
94,"CC=1, clusterFC=1, TC=2",0.512357885301111
95,"CC=1, clusterFC=1, TC=2",0.501839604290349
96,"CC=1, clusterFC=1, TC=2",0.491749912493881
97,"CC=1, clusterFC=1, TC=2",0.482059755810901
98,"CC=1, clusterFC=1, TC=2",0.472740107275956
99,"CC=1, clusterFC=1, TC=2",0.463762577283461
100,"CC=1, clusterFC=1, TC=2",0.455099895148706
101,"CC=1, clusterFC=1, TC=2",0.446726271932045
102,"CC=1, clusterFC=1, TC=2",0.438617656715131
103,"CC=1, clusterFC=1, TC=2",0.430751899777838
104,"CC=1, clusterFC=1, TC=2",0.423108836555252
105,"CC=1, clusterFC=1, TC=2",0.41567030603007
106,"CC=1, clusterFC=1, TC=2",0.408420116502077
107,"CC=1, clusterFC=1, TC=2",0.401343970621707
108,"CC=1, clusterFC=1, TC=2",0.394429360307486
109,"CC=1, clusterFC=1, TC=2",0.387665440793781
110,"CC=1, clusterFC=1, TC=2",0.381042891660022
111,"CC=1, clusterFC=1, TC=2",0.374553771339375
112,"CC=1, clusterFC=1, TC=2",0.368191370338917
113,"CC=1, clusterFC=1, TC=2",0.361950067254424
114,"CC=1, clusterFC=1, TC=2",0.355825190647461
115,"CC=1, clusterFC=1, TC=2",0.349812888976762
116,"CC=1, clusterFC=1, TC=2",0.343910010038526
117,"CC=1, clusterFC=1, TC=2",0.338113990764021
118,"CC=1, clusterFC=1, TC=2",0.332422757737083
119,"CC=1, clusterFC=1, TC=2",0.326834638415717
120,"CC=1, clusterFC=1, TC=2",0.321348282757176
121,"CC=1, clusterFC=1, TC=2",0.315962594740604
122,"CC=1, clusterFC=1, TC=2",0.310676673142227
123,"CC=1, clusterFC=1, TC=2",0.305489760832725
124,"CC=1, clusterFC=1, TC=2",0.300401201823817
125,"CC=1, clusterFC=1, TC=2",0.295410405281392
126,"CC=1, clusterFC=1, TC=2",0.290516815737526
127,"CC=1, clusterFC=1, TC=2",0.285719888766413
128,"CC=1, clusterFC=1, TC=2",0.281019071433949
129,"CC=1, clusterFC=1, TC=2",0.27641378688286
130,"CC=1, clusterFC=1, TC=2",0.271903422471276
131,"CC=1, clusterFC=1, TC=2",0.267487320939834
132,"CC=1, clusterFC=1, TC=2",0.263164774138688
133,"CC=1, clusterFC=1, TC=2",0.258935018899783
134,"CC=1, clusterFC=1, TC=2",0.254797234690539
135,"CC=1, clusterFC=1, TC=2",0.250750542731963
136,"CC=1, clusterFC=1, TC=2",0.246794006307005
137,"CC=1, clusterFC=1, TC=2",0.242926632023504
138,"CC=1, clusterFC=1, TC=2",0.239147371830493
139,"CC=1, clusterFC=1, TC=2",0.235455125617064
140,"CC=1, clusterFC=1, TC=2",0.231848744249688
141,"CC=1, clusterFC=1, TC=2",0.228327032927209
142,"CC=1, clusterFC=1, TC=2",0.224888754752901
143,"CC=1, clusterFC=1, TC=2",0.221532634440346
144,"CC=1, clusterFC=1, TC=2",0.218257362084823
145,"CC=1, clusterFC=1, TC=2",0.215061596944591
146,"CC=1, clusterFC=1, TC=2",0.21194397118723
147,"CC=1, clusterFC=1, TC=2",0.208903093565352
149,"CC=1, clusterFC=1, TC=2",0.203045922005557
150,"CC=1, clusterFC=1, TC=2",0.200226760073752
151,"CC=1, clusterFC=1, TC=2",0.197478616781946
152,"CC=1, clusterFC=1, TC=2",0.194800034840685
153,"CC=1, clusterFC=1, TC=2",0.192189552941644
154,"CC=1, clusterFC=1, TC=2",0.189645708448022
155,"CC=1, clusterFC=1, TC=2",0.187167039920478
157,"CC=1, clusterFC=1, TC=2",0.182399405008099
158,"CC=1, clusterFC=1, TC=2",0.180107542193778
159,"CC=1, clusterFC=1, TC=2",0.177875066421485
160,"CC=1, clusterFC=1, TC=2",0.175700554514916
161,"CC=1, clusterFC=1, TC=2",0.17358259633598
162,"CC=1, clusterFC=1, TC=2",0.171519796246536
163,"CC=1, clusterFC=1, TC=2",0.16951077443849
164,"CC=1, clusterFC=1, TC=2",0.16755416813821
165,"CC=1, clusterFC=1, TC=2",0.16564863269133
166,"CC=1, clusterFC=1, TC=2",0.163792842533944
167,"CC=1, clusterFC=1, TC=2",0.161985492056226
168,"CC=1, clusterFC=1, TC=2",0.160225296364341
1,"CC=1, clusterFC=2, TC=2",0.999999752387627
2,"CC=1, clusterFC=2, TC=2",0.999995486394025
3,"CC=1, clusterFC=2, TC=2",0.999979142246998
4,"CC=1, clusterFC=2, TC=2",0.999942756296476
5,"CC=1, clusterFC=2, TC=2",0.999880137791376
6,"CC=1, clusterFC=2, TC=2",0.999786966699048
7,"CC=1, clusterFC=2, TC=2",0.999660493868456
8,"CC=1, clusterFC=2, TC=2",0.999499193267726
9,"CC=1, clusterFC=2, TC=2",0.999302458826966
10,"CC=1, clusterFC=2, TC=2",0.999070361880741
11,"CC=1, clusterFC=2, TC=2",0.998803462826741
12,"CC=1, clusterFC=2, TC=2",0.998502664434663
13,"CC=1, clusterFC=2, TC=2",0.998169092128409
14,"CC=1, clusterFC=2, TC=2",0.997803984854881
15,"CC=1, clusterFC=2, TC=2",0.997408578493557
16,"CC=1, clusterFC=2, TC=2",0.996983963217149
17,"CC=1, clusterFC=2, TC=2",0.99653089814026
18,"CC=1, clusterFC=2, TC=2",0.996049571817536
19,"CC=1, clusterFC=2, TC=2",0.995539305527548
20,"CC=1, clusterFC=2, TC=2",0.994998206669094
21,"CC=1, clusterFC=2, TC=2",0.99442279022744
22,"CC=1, clusterFC=2, TC=2",0.993807595234732
23,"CC=1, clusterFC=2, TC=2",0.993144828897015
24,"CC=1, clusterFC=2, TC=2",0.992424072699389
25,"CC=1, clusterFC=2, TC=2",0.99163208220398
26,"CC=1, clusterFC=2, TC=2",0.990752705975963
27,"CC=1, clusterFC=2, TC=2",0.989766940141409
28,"CC=1, clusterFC=2, TC=2",0.98865312475838
29,"CC=1, clusterFC=2, TC=2",0.987387277731518
30,"CC=1, clusterFC=2, TC=2",0.985943552506708
31,"CC=1, clusterFC=2, TC=2",0.984294798051081
32,"CC=1, clusterFC=2, TC=2",0.982413194136573
33,"CC=1, clusterFC=2, TC=2",0.980270931875673
34,"CC=1, clusterFC=2, TC=2",0.977840908717546
35,"CC=1, clusterFC=2, TC=2",0.97509740842026
36,"CC=1, clusterFC=2, TC=2",0.972016739466687
37,"CC=1, clusterFC=2, TC=2",0.968577809528462
38,"CC=1, clusterFC=2, TC=2",0.964762618442695
39,"CC=1, clusterFC=2, TC=2",0.960556657326412
40,"CC=1, clusterFC=2, TC=2",0.955949206554601
41,"CC=1, clusterFC=2, TC=2",0.950933530086149
42,"CC=1, clusterFC=2, TC=2",0.945506967835194
43,"CC=1, clusterFC=2, TC=2",0.939670931325979
44,"CC=1, clusterFC=2, TC=2",0.933430810676014
45,"CC=1, clusterFC=2, TC=2",0.926795803018835
46,"CC=1, clusterFC=2, TC=2",0.919778673839285
47,"CC=1, clusterFC=2, TC=2",0.912395463416203
48,"CC=1, clusterFC=2, TC=2",0.904665150733931
49,"CC=1, clusterFC=2, TC=2",0.896609286928705
50,"CC=1, clusterFC=2, TC=2",0.888251609674649
51,"CC=1, clusterFC=2, TC=2",0.879617648979111
52,"CC=1, clusterFC=2, TC=2",0.870734333733641
53,"CC=1, clusterFC=2, TC=2",0.861629607130222
54,"CC=1, clusterFC=2, TC=2",0.852332057766678
55,"CC=1, clusterFC=2, TC=2",0.842870571983308
56,"CC=1, clusterFC=2, TC=2",0.833274011736397
57,"CC=1, clusterFC=2, TC=2",0.82357092115469
58,"CC=1, clusterFC=2, TC=2",0.813789263864279
59,"CC=1, clusterFC=2, TC=2",0.803956192219816
60,"CC=1, clusterFC=2, TC=2",0.794097848752746
61,"CC=1, clusterFC=2, TC=2",0.784239199442421
62,"CC=1, clusterFC=2, TC=2",0.774403897830816
63,"CC=1, clusterFC=2, TC=2",0.76461417853058
64,"CC=1, clusterFC=2, TC=2",0.754890778310943
65,"CC=1, clusterFC=2, TC=2",0.745252882677071
66,"CC=1, clusterFC=2, TC=2",0.735718095674873
67,"CC=1, clusterFC=2, TC=2",0.726302430544014
68,"CC=1, clusterFC=2, TC=2",0.717020318795748
69,"CC=1, clusterFC=2, TC=2",0.707884635298431
70,"CC=1, clusterFC=2, TC=2",0.698906737001729
71,"CC=1, clusterFC=2, TC=2",0.690096513011346
72,"CC=1, clusterFC=2, TC=2",0.681462443830892
73,"CC=1, clusterFC=2, TC=2",0.673011667708786
74,"CC=1, clusterFC=2, TC=2",0.664750052159538
75,"CC=1, clusterFC=2, TC=2",0.656682268865265
76,"CC=1, clusterFC=2, TC=2",0.648811870300788
77,"CC=1, clusterFC=2, TC=2",0.641141366561856
78,"CC=1, clusterFC=2, TC=2",0.633672301009096
79,"CC=1, clusterFC=2, TC=2",0.626405323470372
80,"CC=1, clusterFC=2, TC=2",0.619340259871872
81,"CC=1, clusterFC=2, TC=2",0.612476177295267
82,"CC=1, clusterFC=2, TC=2",0.605811443587058
83,"CC=1, clusterFC=2, TC=2",0.59934378077942
84,"CC=1, clusterFC=2, TC=2",0.593070311722466
85,"CC=1, clusterFC=2, TC=2",0.58698759947839
86,"CC=1, clusterFC=2, TC=2",0.58109167919066
87,"CC=1, clusterFC=2, TC=2",0.575378082317365
88,"CC=1, clusterFC=2, TC=2",0.569841853307232
89,"CC=1, clusterFC=2, TC=2",0.564477558998276
90,"CC=1, clusterFC=2, TC=2",0.559279291230019
91,"CC=1, clusterFC=2, TC=2",0.554240663376154
92,"CC=1, clusterFC=2, TC=2",0.549354801720089
93,"CC=1, clusterFC=2, TC=2",0.544614332803859
94,"CC=1, clusterFC=2, TC=2",0.540011368073671
95,"CC=1, clusterFC=2, TC=2",0.535537487314538
96,"CC=1, clusterFC=2, TC=2",0.531183722503428
97,"CC=1, clusterFC=2, TC=2",0.526940543807172
98,"CC=1, clusterFC=2, TC=2",0.52279784950075
99,"CC=1, clusterFC=2, TC=2",0.518744961577698
100,"CC=1, clusterFC=2, TC=2",0.514770628763266
1,"CC=2, clusterFC=1, TC=2",0.999999998870097
2,"CC=2, clusterFC=1, TC=2",0.999999965040829
3,"CC=2, clusterFC=1, TC=2",0.999999776349834
4,"CC=2, clusterFC=1, TC=2",0.999999222138508
5,"CC=2, clusterFC=1, TC=2",0.999998036897634
6,"CC=2, clusterFC=1, TC=2",0.999995929231239
7,"CC=2, clusterFC=1, TC=2",0.999992601795855
8,"CC=2, clusterFC=1, TC=2",0.999987764053567
9,"CC=2, clusterFC=1, TC=2",0.999981140017876
10,"CC=2, clusterFC=1, TC=2",0.999972472591376
11,"CC=2, clusterFC=1, TC=2",0.999961525193957
12,"CC=2, clusterFC=1, TC=2",0.999948079267675
13,"CC=2, clusterFC=1, TC=2",0.999931920678959
14,"CC=2, clusterFC=1, TC=2",0.99991279652673
15,"CC=2, clusterFC=1, TC=2",0.999890307209994
16,"CC=2, clusterFC=1, TC=2",0.999863684822947
17,"CC=2, clusterFC=1, TC=2",0.999831412317007
18,"CC=2, clusterFC=1, TC=2",0.999790670613048
19,"CC=2, clusterFC=1, TC=2",0.999736662129031
20,"CC=2, clusterFC=1, TC=2",0.999661930522565
21,"CC=2, clusterFC=1, TC=2",0.99955584840427
22,"CC=2, clusterFC=1, TC=2",0.999404451360365
23,"CC=2, clusterFC=1, TC=2",0.999190748343939
24,"CC=2, clusterFC=1, TC=2",0.998895546783848
25,"CC=2, clusterFC=1, TC=2",0.998498722406632
26,"CC=2, clusterFC=1, TC=2",0.997980769579802
27,"CC=2, clusterFC=1, TC=2",0.99732441172639
28,"CC=2, clusterFC=1, TC=2",0.99651604332611
29,"CC=2, clusterFC=1, TC=2",0.99554681149351
30,"CC=2, clusterFC=1, TC=2",0.99441321231117
31,"CC=2, clusterFC=1, TC=2",0.993117156945927
32,"CC=2, clusterFC=1, TC=2",0.991665538166346
33,"CC=2, clusterFC=1, TC=2",0.990069386958679
34,"CC=2, clusterFC=1, TC=2",0.988342745278996
35,"CC=2, clusterFC=1, TC=2",0.986501393943581
36,"CC=2, clusterFC=1, TC=2",0.984561567700225
37,"CC=2, clusterFC=1, TC=2",0.982538768337144
38,"CC=2, clusterFC=1, TC=2",0.980446757550333
39,"CC=2, clusterFC=1, TC=2",0.978296779850344
40,"CC=2, clusterFC=1, TC=2",0.976097036378944
41,"CC=2, clusterFC=1, TC=2",0.97385240592058
42,"CC=2, clusterFC=1, TC=2",0.971564390991841
43,"CC=2, clusterFC=1, TC=2",0.969231254884059
44,"CC=2, clusterFC=1, TC=2",0.966848309333035
45,"CC=2, clusterFC=1, TC=2",0.964408311053718
46,"CC=2, clusterFC=1, TC=2",0.961901927486433
47,"CC=2, clusterFC=1, TC=2",0.959318236559996
48,"CC=2, clusterFC=1, TC=2",0.956645231038887
49,"CC=2, clusterFC=1, TC=2",0.953870304250564
50,"CC=2, clusterFC=1, TC=2",0.950980700073179
51,"CC=2, clusterFC=1, TC=2",0.947963915600006
52,"CC=2, clusterFC=1, TC=2",0.944808049656471
53,"CC=2, clusterFC=1, TC=2",0.94150209423639
54,"CC=2, clusterFC=1, TC=2",0.9380361689505
55,"CC=2, clusterFC=1, TC=2",0.934401700810277
56,"CC=2, clusterFC=1, TC=2",0.930591553206282
57,"CC=2, clusterFC=1, TC=2",0.926600108900807
58,"CC=2, clusterFC=1, TC=2",0.922423312357194
59,"CC=2, clusterFC=1, TC=2",0.918058676882112
60,"CC=2, clusterFC=1, TC=2",0.913505261957667
61,"CC=2, clusterFC=1, TC=2",0.908763625866378
62,"CC=2, clusterFC=1, TC=2",0.90383575832766
63,"CC=2, clusterFC=1, TC=2",0.898724997417555
64,"CC=2, clusterFC=1, TC=2",0.893435934570157
65,"CC=2, clusterFC=1, TC=2",0.88797431098435
66,"CC=2, clusterFC=1, TC=2",0.882346908299613
67,"CC=2, clusterFC=1, TC=2",0.87656143596967
68,"CC=2, clusterFC=1, TC=2",0.870626417357691
69,"CC=2, clusterFC=1, TC=2",0.864551076203292
70,"CC=2, clusterFC=1, TC=2",0.858345224769166
71,"CC=2, clusterFC=1, TC=2",0.852019154662231
72,"CC=2, clusterFC=1, TC=2",0.845583531038652
73,"CC=2, clusterFC=1, TC=2",0.839049290642104
74,"CC=2, clusterFC=1, TC=2",0.832427543889189
75,"CC=2, clusterFC=1, TC=2",0.825729481004852
76,"CC=2, clusterFC=1, TC=2",0.818966282025061
77,"CC=2, clusterFC=1, TC=2",0.812149030326276
78,"CC=2, clusterFC=1, TC=2",0.805288629214816
79,"CC=2, clusterFC=1, TC=2",0.798395721018439
80,"CC=2, clusterFC=1, TC=2",0.791480608072278
81,"CC=2, clusterFC=1, TC=2",0.784553174986417
82,"CC=2, clusterFC=1, TC=2",0.777622811627276
83,"CC=2, clusterFC=1, TC=2",0.770698336342664
84,"CC=2, clusterFC=1, TC=2",0.763787919111978
85,"CC=2, clusterFC=1, TC=2",0.756899004507238
86,"CC=2, clusterFC=1, TC=2",0.750038234603573
87,"CC=2, clusterFC=1, TC=2",0.743211372271324
88,"CC=2, clusterFC=1, TC=2",0.736423225606076
89,"CC=2, clusterFC=1, TC=2",0.729677574592999
90,"CC=2, clusterFC=1, TC=2",0.722977101441685
91,"CC=2, clusterFC=1, TC=2",0.716323326348237
92,"CC=2, clusterFC=1, TC=2",0.709716550722986
93,"CC=2, clusterFC=1, TC=2",0.703155810145068
94,"CC=2, clusterFC=1, TC=2",0.696638839450434
95,"CC=2, clusterFC=1, TC=2",0.690162052411791
96,"CC=2, clusterFC=1, TC=2",0.683720538414507
97,"CC=2, clusterFC=1, TC=2",0.677308078363981
98,"CC=2, clusterFC=1, TC=2",0.670917181774505
99,"CC=2, clusterFC=1, TC=2",0.66453914659049
100,"CC=2, clusterFC=1, TC=2",0.658164142787094
101,"CC=2, clusterFC=1, TC=2",0.651781320203811
102,"CC=2, clusterFC=1, TC=2",0.645378940401098
103,"CC=2, clusterFC=1, TC=2",0.638944531621162
104,"CC=2, clusterFC=1, TC=2",0.632465065206701
105,"CC=2, clusterFC=1, TC=2",0.625927151114781
106,"CC=2, clusterFC=1, TC=2",0.619317249486526
107,"CC=2, clusterFC=1, TC=2",0.612621894625069
108,"CC=2, clusterFC=1, TC=2",0.605827927219873
109,"CC=2, clusterFC=1, TC=2",0.598922730256926
110,"CC=2, clusterFC=1, TC=2",0.591894463788636
111,"CC=2, clusterFC=1, TC=2",0.58473229361579
112,"CC=2, clusterFC=1, TC=2",0.577426608962376
113,"CC=2, clusterFC=1, TC=2",0.569969224401809
114,"CC=2, clusterFC=1, TC=2",0.562353561613486
115,"CC=2, clusterFC=1, TC=2",0.554574806999761
116,"CC=2, clusterFC=1, TC=2",0.546630041758561
117,"CC=2, clusterFC=1, TC=2",0.53851834166524
118,"CC=2, clusterFC=1, TC=2",0.530240844545483
119,"CC=2, clusterFC=1, TC=2",0.52180078419385
120,"CC=2, clusterFC=1, TC=2",0.513203490284014
121,"CC=2, clusterFC=1, TC=2",0.504456354601492
122,"CC=2, clusterFC=1, TC=2",0.495568764683638
123,"CC=2, clusterFC=1, TC=2",0.48655200665326
124,"CC=2, clusterFC=1, TC=2",0.47741913966251
125,"CC=2, clusterFC=1, TC=2",0.468184844907592
126,"CC=2, clusterFC=1, TC=2",0.458865252620642
127,"CC=2, clusterFC=1, TC=2",0.449477750785556
128,"CC=2, clusterFC=1, TC=2",0.440040779555861
129,"CC=2, clusterFC=1, TC=2",0.430573615475003
130,"CC=2, clusterFC=1, TC=2",0.421096149616449
131,"CC=2, clusterFC=1, TC=2",0.411628663679127
132,"CC=2, clusterFC=1, TC=2",0.402191607902198
133,"CC=2, clusterFC=1, TC=2",0.392805384412965
134,"CC=2, clusterFC=1, TC=2",0.383490139305452
135,"CC=2, clusterFC=1, TC=2",0.374265566378157
136,"CC=2, clusterFC=1, TC=2",0.365150725051465
137,"CC=2, clusterFC=1, TC=2",0.356163874551748
138,"CC=2, clusterFC=1, TC=2",0.347322326003454
139,"CC=2, clusterFC=1, TC=2",0.338642313624438
140,"CC=2, clusterFC=1, TC=2",0.330138885784601
141,"CC=2, clusterFC=1, TC=2",0.321825816272963
142,"CC=2, clusterFC=1, TC=2",0.313715535731703
143,"CC=2, clusterFC=1, TC=2",0.305819082863894
144,"CC=2, clusterFC=1, TC=2",0.298146074709443
145,"CC=2, clusterFC=1, TC=2",0.290704695014364
146,"CC=2, clusterFC=1, TC=2",0.283501699493733
147,"CC=2, clusterFC=1, TC=2",0.276542436609079
148,"CC=2, clusterFC=1, TC=2",0.269830882345553
149,"CC=2, clusterFC=1, TC=2",0.263369687381469
150,"CC=2, clusterFC=1, TC=2",0.257160234989957
151,"CC=2, clusterFC=1, TC=2",0.251202707996238
152,"CC=2, clusterFC=1, TC=2",0.245496163130709
153,"CC=2, clusterFC=1, TC=2",0.240038611163442
154,"CC=2, clusterFC=1, TC=2",0.23482710127559
155,"CC=2, clusterFC=1, TC=2",0.229857808213295
156,"CC=2, clusterFC=1, TC=2",0.22512612087566
157,"CC=2, clusterFC=1, TC=2",0.220626731106258
158,"CC=2, clusterFC=1, TC=2",0.216353721583549
159,"CC=2, clusterFC=1, TC=2",0.212300651836121
161,"CC=2, clusterFC=1, TC=2",0.20482645039086
164,"CC=2, clusterFC=1, TC=2",0.195082550305014
166,"CC=2, clusterFC=1, TC=2",0.189473342553467
167,"CC=2, clusterFC=1, TC=2",0.186910829095649
168,"CC=2, clusterFC=1, TC=2",0.184499145642825
1,"CC=2, clusterFC=2, TC=2",0.999999988265906
2,"CC=2, clusterFC=2, TC=2",0.999999702706358
3,"CC=2, clusterFC=2, TC=2",0.999998322002033
4,"CC=2, clusterFC=2, TC=2",0.99999467979214
5,"CC=2, clusterFC=2, TC=2",0.999987527910698
6,"CC=2, clusterFC=2, TC=2",0.999975678389508
7,"CC=2, clusterFC=2, TC=2",0.999958067089656
8,"CC=2, clusterFC=2, TC=2",0.999933775662751
9,"CC=2, clusterFC=2, TC=2",0.999902031184373
10,"CC=2, clusterFC=2, TC=2",0.99986218935563
11,"CC=2, clusterFC=2, TC=2",0.999813693138296
12,"CC=2, clusterFC=2, TC=2",0.999755981223704
13,"CC=2, clusterFC=2, TC=2",0.999688301925871
14,"CC=2, clusterFC=2, TC=2",0.999609374247973
15,"CC=2, clusterFC=2, TC=2",0.999516836310512
16,"CC=2, clusterFC=2, TC=2",0.999406437430017
17,"CC=2, clusterFC=2, TC=2",0.999270966134741
18,"CC=2, clusterFC=2, TC=2",0.999098960598363
19,"CC=2, clusterFC=2, TC=2",0.99887331318737
20,"CC=2, clusterFC=2, TC=2",0.998569943434705
21,"CC=2, clusterFC=2, TC=2",0.998156755822082
22,"CC=2, clusterFC=2, TC=2",0.997593103732061
23,"CC=2, clusterFC=2, TC=2",0.996829940537451
24,"CC=2, clusterFC=2, TC=2",0.995810757240559
25,"CC=2, clusterFC=2, TC=2",0.994473299370163
26,"CC=2, clusterFC=2, TC=2",0.992751946659922
27,"CC=2, clusterFC=2, TC=2",0.990580549636683
28,"CC=2, clusterFC=2, TC=2",0.987895463467106
29,"CC=2, clusterFC=2, TC=2",0.984638507502008
30,"CC=2, clusterFC=2, TC=2",0.980759605755305
31,"CC=2, clusterFC=2, TC=2",0.976218919046008
32,"CC=2, clusterFC=2, TC=2",0.970988350477365
33,"CC=2, clusterFC=2, TC=2",0.965052379275355
34,"CC=2, clusterFC=2, TC=2",0.958408243316669
35,"CC=2, clusterFC=2, TC=2",0.951065541286375
36,"CC=2, clusterFC=2, TC=2",0.943045358518508
37,"CC=2, clusterFC=2, TC=2",0.934379036580588
38,"CC=2, clusterFC=2, TC=2",0.925106708126207
39,"CC=2, clusterFC=2, TC=2",0.915275709138101
40,"CC=2, clusterFC=2, TC=2",0.904938964337877
41,"CC=2, clusterFC=2, TC=2",0.894153421796184
42,"CC=2, clusterFC=2, TC=2",0.882978592472505
43,"CC=2, clusterFC=2, TC=2",0.871475231547864
44,"CC=2, clusterFC=2, TC=2",0.859704182194559
45,"CC=2, clusterFC=2, TC=2",0.847725389401154
46,"CC=2, clusterFC=2, TC=2",0.835597081692582
47,"CC=2, clusterFC=2, TC=2",0.823375111783339
48,"CC=2, clusterFC=2, TC=2",0.811112442926668
49,"CC=2, clusterFC=2, TC=2",0.798858765454889
50,"CC=2, clusterFC=2, TC=2",0.786660227236363
51,"CC=2, clusterFC=2, TC=2",0.774559262048108
52,"CC=2, clusterFC=2, TC=2",0.762594500804217
53,"CC=2, clusterFC=2, TC=2",0.750800751896951
54,"CC=2, clusterFC=2, TC=2",0.739209038387012
55,"CC=2, clusterFC=2, TC=2",0.727846681276864
56,"CC=2, clusterFC=2, TC=2",0.71673741952571
57,"CC=2, clusterFC=2, TC=2",0.705901558766666
58,"CC=2, clusterFC=2, TC=2",0.695356141845288
59,"CC=2, clusterFC=2, TC=2",0.685115135311727
60,"CC=2, clusterFC=2, TC=2",0.675189626875728
61,"CC=2, clusterFC=2, TC=2",0.665588029589665
62,"CC=2, clusterFC=2, TC=2",0.656316289176494
63,"CC=2, clusterFC=2, TC=2",0.647378091483526
64,"CC=2, clusterFC=2, TC=2",0.638775067533841
65,"CC=2, clusterFC=2, TC=2",0.630506994077355
66,"CC=2, clusterFC=2, TC=2",0.622571987922795
67,"CC=2, clusterFC=2, TC=2",0.614966692667818
68,"CC=2, clusterFC=2, TC=2",0.60768645674301
69,"CC=2, clusterFC=2, TC=2",0.600725501950722
70,"CC=2, clusterFC=2, TC=2",0.594077081914835
71,"CC=2, clusterFC=2, TC=2",0.587733630065073
72,"CC=2, clusterFC=2, TC=2",0.581686896961282
73,"CC=2, clusterFC=2, TC=2",0.575928076920732
74,"CC=2, clusterFC=2, TC=2",0.570447924046695
75,"CC=2, clusterFC=2, TC=2",0.565236857870558
76,"CC=2, clusterFC=2, TC=2",0.560285058914165
77,"CC=2, clusterFC=2, TC=2",0.555582554555492
78,"CC=2, clusterFC=2, TC=2",0.55111929564053
79,"CC=2, clusterFC=2, TC=2",0.546885224329305
80,"CC=2, clusterFC=2, TC=2",0.542870333695463
81,"CC=2, clusterFC=2, TC=2",0.539064719618803
82,"CC=2, clusterFC=2, TC=2",0.535458625519749
83,"CC=2, clusterFC=2, TC=2",0.532042480485682
84,"CC=2, clusterFC=2, TC=2",0.528806931332549
85,"CC=2, clusterFC=2, TC=2",0.525742869132674
86,"CC=2, clusterFC=2, TC=2",0.522841450722183
87,"CC=2, clusterFC=2, TC=2",0.520094115680183
88,"CC=2, clusterFC=2, TC=2",0.51749259924766
89,"CC=2, clusterFC=2, TC=2",0.515028941627733
90,"CC=2, clusterFC=2, TC=2",0.512695494081427
91,"CC=2, clusterFC=2, TC=2",0.510484922204716
92,"CC=2, clusterFC=2, TC=2",0.508390206744185
93,"CC=2, clusterFC=2, TC=2",0.50640464228035
94,"CC=2, clusterFC=2, TC=2",0.504521834080088
95,"CC=2, clusterFC=2, TC=2",0.502735693392801
96,"CC=2, clusterFC=2, TC=2",0.50104043143932
97,"CC=2, clusterFC=2, TC=2",0.49943055231807
98,"CC=2, clusterFC=2, TC=2",0.497900845030009
99,"CC=2, clusterFC=2, TC=2",0.496446374802181
100,"CC=2, clusterFC=2, TC=2",0.4950624738696
101,"CC=2, clusterFC=2, TC=2",0.493744731856481
102,"CC=2, clusterFC=2, TC=2",0.492488985880608
103,"CC=2, clusterFC=2, TC=2",0.491291310488839
104,"CC=2, clusterFC=2, TC=2",0.490148007517343
105,"CC=2, clusterFC=2, TC=2",0.48905559595702
106,"CC=2, clusterFC=2, TC=2",0.488010801892749
107,"CC=2, clusterFC=2, TC=2",0.487010548574397
108,"CC=2, clusterFC=2, TC=2",0.48605194666795
109,"CC=2, clusterFC=2, TC=2",0.485132284726585
110,"CC=2, clusterFC=2, TC=2",0.484249019913868
111,"CC=2, clusterFC=2, TC=2",0.483399769004539
112,"CC=2, clusterFC=2, TC=2",0.482582299682374
114,"CC=2, clusterFC=2, TC=2",0.481034481056189
116,"CC=2, clusterFC=2, TC=2",0.479590412904885
118,"CC=2, clusterFC=2, TC=2",0.478236855386056
119,"CC=2, clusterFC=2, TC=2",0.477590348321371
120,"CC=2, clusterFC=2, TC=2",0.476962258329613
121,"CC=2, clusterFC=2, TC=2",0.476351372633969
122,"CC=2, clusterFC=2, TC=2",0.475756559970904
123,"CC=2, clusterFC=2, TC=2",0.475176765337046
124,"CC=2, clusterFC=2, TC=2",0.474611005004522
125,"CC=2, clusterFC=2, TC=2",0.474058361791421
128,"CC=2, clusterFC=2, TC=2",0.472470868552542
129,"CC=2, clusterFC=2, TC=2",0.471962700473675
132,"CC=2, clusterFC=2, TC=2",0.47049209599826
136,"CC=2, clusterFC=2, TC=2",0.468636871063919
138,"CC=2, clusterFC=2, TC=2",0.467746183250487
141,"CC=2, clusterFC=2, TC=2",0.466447502042728
149,"CC=2, clusterFC=2, TC=2",0.46313904857698
150,"CC=2, clusterFC=2, TC=2",0.462735389553336
1,"CC=4, clusterFC=4, TC=4",0.999999756948045
2,"CC=4, clusterFC=4, TC=4",0.999995676177889
3,"CC=4, clusterFC=4, TC=4",0.999980183176755
4,"CC=4, clusterFC=4, TC=4",0.999945797190421
5,"CC=4, clusterFC=4, TC=4",0.99988665925294
6,"CC=4, clusterFC=4, TC=4",0.999798630056537
7,"CC=4, clusterFC=4, TC=4",0.99967902485384
8,"CC=4, clusterFC=4, TC=4",0.999526300728707
9,"CC=4, clusterFC=4, TC=4",0.999339781262625
10,"CC=4, clusterFC=4, TC=4",0.999119434606266
11,"CC=4, clusterFC=4, TC=4",0.998865700840646
12,"CC=4, clusterFC=4, TC=4",0.998579359811926
13,"CC=4, clusterFC=4, TC=4",0.998261430725105
14,"CC=4, clusterFC=4, TC=4",0.997913096174978
15,"CC=4, clusterFC=4, TC=4",0.997535644825682
16,"CC=4, clusterFC=4, TC=4",0.997130428280274
17,"CC=4, clusterFC=4, TC=4",0.996698828743189
18,"CC=4, clusterFC=4, TC=4",0.99624223489282
19,"CC=4, clusterFC=4, TC=4",0.995762023989566
20,"CC=4, clusterFC=4, TC=4",0.995259548684156
21,"CC=4, clusterFC=4, TC=4",0.994736127290281
22,"CC=4, clusterFC=4, TC=4",0.99419303646589
23,"CC=4, clusterFC=4, TC=4",0.993631505328981
24,"CC=4, clusterFC=4, TC=4",0.993052710040551
25,"CC=4, clusterFC=4, TC=4",0.992457767853725
26,"CC=4, clusterFC=4, TC=4",0.991847729597263
27,"CC=4, clusterFC=4, TC=4",0.991223569583294
28,"CC=4, clusterFC=4, TC=4",0.990586172049894
29,"CC=4, clusterFC=4, TC=4",0.98993631350253
30,"CC=4, clusterFC=4, TC=4",0.989274640715071
31,"CC=4, clusterFC=4, TC=4",0.988601644673514
32,"CC=4, clusterFC=4, TC=4",0.987917631347818
33,"CC=4, clusterFC=4, TC=4",0.987222690791598
34,"CC=4, clusterFC=4, TC=4",0.986516666616883
35,"CC=4, clusterFC=4, TC=4",0.985799128294909
36,"CC=4, clusterFC=4, TC=4",0.985069348931885
37,"CC=4, clusterFC=4, TC=4",0.984326291123104
38,"CC=4, clusterFC=4, TC=4",0.983568603192031
39,"CC=4, clusterFC=4, TC=4",0.982794627595182
40,"CC=4, clusterFC=4, TC=4",0.982002422566998
41,"CC=4, clusterFC=4, TC=4",0.981189797258197
42,"CC=4, clusterFC=4, TC=4",0.980354359761918
43,"CC=4, clusterFC=4, TC=4",0.979493576600215
44,"CC=4, clusterFC=4, TC=4",0.978604841526106
45,"CC=4, clusterFC=4, TC=4",0.977685550936202
46,"CC=4, clusterFC=4, TC=4",0.976733182820087
47,"CC=4, clusterFC=4, TC=4",0.975745376010189
48,"CC=4, clusterFC=4, TC=4",0.974720006536194
49,"CC=4, clusterFC=4, TC=4",0.973655258112324
50,"CC=4, clusterFC=4, TC=4",0.972549684162984
51,"CC=4, clusterFC=4, TC=4",0.971402259284132
52,"CC=4, clusterFC=4, TC=4",0.970212418602717
53,"CC=4, clusterFC=4, TC=4",0.96898008409313
54,"CC=4, clusterFC=4, TC=4",0.967705677500584
55,"CC=4, clusterFC=4, TC=4",0.966390120074079
56,"CC=4, clusterFC=4, TC=4",0.965034819801443
57,"CC=4, clusterFC=4, TC=4",0.963641647247998
58,"CC=4, clusterFC=4, TC=4",0.962212901418427
59,"CC=4, clusterFC=4, TC=4",0.960751267285048
60,"CC=4, clusterFC=4, TC=4",0.959259766756991
61,"CC=4, clusterFC=4, TC=4",0.957741704910398
62,"CC=4, clusterFC=4, TC=4",0.956200613270192
63,"CC=4, clusterFC=4, TC=4",0.954640191840907
64,"CC=4, clusterFC=4, TC=4",0.953064251441238
65,"CC=4, clusterFC=4, TC=4",0.951476657717499
66,"CC=4, clusterFC=4, TC=4",0.94988127800803
67,"CC=4, clusterFC=4, TC=4",0.948281932015265
68,"CC=4, clusterFC=4, TC=4",0.946682347024989
69,"CC=4, clusterFC=4, TC=4",0.945086118201568
70,"CC=4, clusterFC=4, TC=4",0.943496674290329
71,"CC=4, clusterFC=4, TC=4",0.941917248878814
72,"CC=4, clusterFC=4, TC=4",0.940350857210458
73,"CC=4, clusterFC=4, TC=4",0.938800278409443
74,"CC=4, clusterFC=4, TC=4",0.937268042864458
75,"CC=4, clusterFC=4, TC=4",0.935756424431745
76,"CC=4, clusterFC=4, TC=4",0.934267437052678
77,"CC=4, clusterFC=4, TC=4",0.932802835336722
78,"CC=4, clusterFC=4, TC=4",0.931364118634648
79,"CC=4, clusterFC=4, TC=4",0.929952538117005
80,"CC=4, clusterFC=4, TC=4",0.928569106376615
81,"CC=4, clusterFC=4, TC=4",0.92721460908886
82,"CC=4, clusterFC=4, TC=4",0.925889618287236
83,"CC=4, clusterFC=4, TC=4",0.924594506842153
84,"CC=4, clusterFC=4, TC=4",0.923329463766051
1,"CC=5, clusterFC=5, TC=5",1
2,"CC=5, clusterFC=5, TC=5",1
3,"CC=5, clusterFC=5, TC=5",1
4,"CC=5, clusterFC=5, TC=5",1
5,"CC=5, clusterFC=5, TC=5",1
6,"CC=5, clusterFC=5, TC=5",1
7,"CC=5, clusterFC=5, TC=5",0.999999999999991
8,"CC=5, clusterFC=5, TC=5",0.999999999999444
9,"CC=5, clusterFC=5, TC=5",0.999999999987229
10,"CC=5, clusterFC=5, TC=5",0.99999999982385
11,"CC=5, clusterFC=5, TC=5",0.999999998361797
12,"CC=5, clusterFC=5, TC=5",0.999999988875319
13,"CC=5, clusterFC=5, TC=5",0.999999941501166
14,"CC=5, clusterFC=5, TC=5",0.999999750974574
15,"CC=5, clusterFC=5, TC=5",0.999999111806208
16,"CC=5, clusterFC=5, TC=5",0.999997272811905
17,"CC=5, clusterFC=5, TC=5",0.999992632722378
18,"CC=5, clusterFC=5, TC=5",0.999982177793204
19,"CC=5, clusterFC=5, TC=5",0.999960825792114
20,"CC=5, clusterFC=5, TC=5",0.999920807226816
21,"CC=5, clusterFC=5, TC=5",0.999851255697655
22,"CC=5, clusterFC=5, TC=5",0.999738173144924
23,"CC=5, clusterFC=5, TC=5",0.999564878338922
24,"CC=5, clusterFC=5, TC=5",0.999312953225025
25,"CC=5, clusterFC=5, TC=5",0.998963598822283
26,"CC=5, clusterFC=5, TC=5",0.998499228549953
27,"CC=5, clusterFC=5, TC=5",0.997905081974721
28,"CC=5, clusterFC=5, TC=5",0.997170642770346
29,"CC=5, clusterFC=5, TC=5",0.996290685381903
30,"CC=5, clusterFC=5, TC=5",0.995265841413776
31,"CC=5, clusterFC=5, TC=5",0.994102652189117
32,"CC=5, clusterFC=5, TC=5",0.992813143161788
33,"CC=5, clusterFC=5, TC=5",0.991414008488012
34,"CC=5, clusterFC=5, TC=5",0.989925525245297
35,"CC=5, clusterFC=5, TC=5",0.988370326628109
36,"CC=5, clusterFC=5, TC=5",0.986772155538634
37,"CC=5, clusterFC=5, TC=5",0.985154699709008
38,"CC=5, clusterFC=5, TC=5",0.983540582556302
39,"CC=5, clusterFC=5, TC=5",0.981950555410805
40,"CC=5, clusterFC=5, TC=5",0.980402910355526
41,"CC=5, clusterFC=5, TC=5",0.978913111054838
42,"CC=5, clusterFC=5, TC=5",0.977493622739295
43,"CC=5, clusterFC=5, TC=5",0.976153912051071
44,"CC=5, clusterFC=5, TC=5",0.974900582154876
45,"CC=5, clusterFC=5, TC=5",0.973737607413104
46,"CC=5, clusterFC=5, TC=5",0.972666633904183
47,"CC=5, clusterFC=5, TC=5",0.971687316057553
48,"CC=5, clusterFC=5, TC=5",0.97079766475826
49,"CC=5, clusterFC=5, TC=5",0.969994387702699
50,"CC=5, clusterFC=5, TC=5",0.969273208031799
51,"CC=5, clusterFC=5, TC=5",0.96862915198302
52,"CC=5, clusterFC=5, TC=5",0.968056800297974
53,"CC=5, clusterFC=5, TC=5",0.967550501328585
54,"CC=5, clusterFC=5, TC=5",0.967104546217324
55,"CC=5, clusterFC=5, TC=5",0.966713308256088
56,"CC=5, clusterFC=5, TC=5",0.966371349654111
57,"CC=5, clusterFC=5, TC=5",0.96607349957923
58,"CC=5, clusterFC=5, TC=5",0.965814907589157
59,"CC=5, clusterFC=5, TC=5",0.965591076540568
60,"CC=5, clusterFC=5, TC=5",0.965397878840875
61,"CC=5, clusterFC=5, TC=5",0.965231559561652
62,"CC=5, clusterFC=5, TC=5",0.965088729520159
63,"CC=5, clusterFC=5, TC=5",0.964966350998195
64,"CC=5, clusterFC=5, TC=5",0.96486171833591
65,"CC=5, clusterFC=5, TC=5",0.964772435232106
66,"CC=5, clusterFC=5, TC=5",0.96469639021437
67,"CC=5, clusterFC=5, TC=5",0.964631731418323
68,"CC=5, clusterFC=5, TC=5",0.964576841537085
69,"CC=5, clusterFC=5, TC=5",0.964530313568914
70,"CC=5, clusterFC=5, TC=5",0.964490927799462
71,"CC=5, clusterFC=5, TC=5",0.964457630301378
72,"CC=5, clusterFC=5, TC=5",0.964429513113078
73,"CC=5, clusterFC=5, TC=5",0.964405796165851
74,"CC=5, clusterFC=5, TC=5",0.964385810959271
75,"CC=5, clusterFC=5, TC=5",0.96436898593509
76,"CC=5, clusterFC=5, TC=5",0.964354833465502
77,"CC=5, clusterFC=5, TC=5",0.964342938349645
78,"CC=5, clusterFC=5, TC=5",0.964332947699666
79,"CC=5, clusterFC=5, TC=5",0.964324562092345
80,"CC=5, clusterFC=5, TC=5",0.964317527862099
81,"CC=5, clusterFC=5, TC=5",0.964311630414903
82,"CC=5, clusterFC=5, TC=5",0.96430668844874
83,"CC=5, clusterFC=5, TC=5",0.964302548973951
84,"CC=5, clusterFC=5, TC=5",0.964299083035547
85,"CC=5, clusterFC=5, TC=5",0.964296182048407
86,"CC=5, clusterFC=5, TC=5",0.964293754665317
87,"CC=5, clusterFC=5, TC=5",0.964291724106395
88,"CC=5, clusterFC=5, TC=5",0.964290025886617
89,"CC=5, clusterFC=5, TC=5",0.964288605885771
90,"CC=5, clusterFC=5, TC=5",0.964287418712036
91,"CC=5, clusterFC=5, TC=5",0.96428642631673
92,"CC=5, clusterFC=5, TC=5",0.964285596823399
93,"CC=5, clusterFC=5, TC=5",0.964284903539346
94,"CC=5, clusterFC=5, TC=5",0.964284324122246
95,"CC=5, clusterFC=5, TC=5",0.964283839878251
96,"CC=5, clusterFC=5, TC=5",0.964283435171473
